,name,uid,resource_type,water_fountain,bottle_filler,jug_filler,dog_fountain,latitude,longitude,data_source,point,supervisor_district,analysis_neighborhood,data_as_of,data_loaded_at,Analysis Neighborhoods,Recreation and Parks Properties,Neighborhoods,Current Police Districts,Current Supervisor Districts
0,St. Mary's Square,2773694353532228764,restroom,0,0,0,0,37.7917148,-122.4050789,rec,POINT (-122.4050789 37.7917148),3.0,Financial District/South Beach,2023-03-08,2023-03-08T15:29:00Z,8.0,108.0,104.0,6.0,3.0
1,Palega Playground,554641599873380642,drinking_water,1,0,0,0,37.72936532,-122.40966414,rec,POINT (-122.40966414 37.72936532),9.0,Portola,2023-03-08,2023-03-08T15:29:00Z,25.0,130.0,91.0,2.0,2.0
2,McCoppin Square,1509436752478679569,drinking_water,1,0,0,0,37.74335886,-122.48071011,rec,POINT (-122.48071011 37.74335886),4.0,Sunset/Parkside,2023-03-08,2023-03-08T15:29:00Z,35.0,139.0,40.0,10.0,7.0
3,West Sunset Playground,7394643088409434148,drinking_water,1,0,0,0,37.75081461,-122.49830886,rec,POINT (-122.49830886 37.75081461),4.0,Sunset/Parkside,2023-03-08,2023-03-08T15:29:00Z,35.0,93.0,39.0,10.0,7.0
4,Golden Gate Park - Section 5,6218325272602983271,drinking_water,1,0,0,0,37.77132558,-122.49902721,rec,POINT (-122.49902721 37.77132558),1.0,Golden Gate Park,2023-03-08,2023-03-08T15:29:00Z,12.0,233.0,9.0,8.0,4.0
5,,8817975702393619368,restroom,0,0,0,0,37.71408478,-122.42330327,rec,POINT (-122.42330327 37.71408478),10.0,McLaren Park,2023-03-08,2023-03-08T15:29:00Z,19.0,,73.0,9.0,9.0
6,24th and Mission (JCDecaux),7281076794307575995,restroom,0,0,0,0,37.7521752,-122.4185771,pit_stop,POINT (-122.4185771 37.7521752),9.0,Mission,2023-03-08,2023-03-08T15:29:00Z,20.0,,53.0,3.0,2.0
7,Noe Valley Courts,7029988507837525942,drinking_water,1,0,0,0,37.75123798,-122.43898765,rec,POINT (-122.43898765 37.75123798),8.0,Noe Valley,2023-03-08,2023-03-08T15:29:00Z,22.0,132.0,51.0,3.0,5.0
8,Golden Gate Park - Section 6,8799521284584025481,drinking_water,1,0,0,0,37.76679915,-122.50817339,rec,POINT (-122.50817339 37.76679915),4.0,Golden Gate Park,2023-03-08,2023-03-08T15:29:00Z,12.0,234.0,9.0,8.0,4.0
9,,8817975702393619368,restroom,0,0,0,0,37.80189573,-122.4139387,rec,POINT (-122.4139387 37.80189573),3.0,Russian Hill,2023-03-08,2023-03-08T15:29:00Z,32.0,,107.0,6.0,3.0
10,Gilman Playground,4279471113896791598,drinking_water,1,0,0,0,37.71732023,-122.3871657,rec,POINT (-122.3871657 37.71732023),10.0,Bayview Hunters Point,2023-03-08,2023-03-08T15:29:00Z,1.0,169.0,88.0,2.0,9.0
11,Alta Plaza Park,2241215992070893956,drinking_water,1,0,0,0,37.79117799,-122.43716113,rec,POINT (-122.43716113 37.79117799),2.0,Pacific Heights,2023-03-08,2023-03-08T15:29:00Z,30.0,149.0,102.0,4.0,6.0
12,States Street Playground,1226215836415782389,restroom,0,0,0,0,37.76376474,-122.43856948,rec,POINT (-122.43856948 37.76376474),8.0,Castro/Upper Market,2023-03-08,2023-03-08T15:29:00Z,5.0,107.0,113.0,7.0,5.0
13,Joseph L. Alioto Performing Arts Piazza,1121675889758828519,drinking_water,1,0,0,0,37.77989802,-122.4172927,rec,POINT (-122.4172927 37.77989802),5.0,Tenderloin,2023-03-08,2023-03-08T15:29:00Z,36.0,57.0,21.0,4.0,10.0
14,Helen Wills Playground,1518179830506757776,drinking_water,1,0,0,0,37.79571325,-122.42046723,rec,POINT (-122.42046723 37.79571325),3.0,Russian Hill,2023-03-08,2023-03-08T15:29:00Z,32.0,175.0,105.0,4.0,3.0
15,16th and Capp streets   TEMPORARILY CLOSED,6219708960125226485,restroom,0,0,0,0,37.7651596,-122.4187982,pit_stop,POINT (-122.4187982 37.7651596),9.0,Mission,2023-03-08,2023-03-08T15:29:00Z,20.0,,53.0,3.0,2.0
16,Golden Gate Park - Section 5,6218325272602983271,restroom,0,0,0,0,37.76952981,-122.48469261,rec,POINT (-122.48469261 37.76952981),4.0,Golden Gate Park,2023-03-08,2023-03-08T15:29:00Z,12.0,233.0,9.0,8.0,4.0
17,Sunset Rec Center,3142068490630731138,drinking_water,1,0,0,0,37.75683512,-122.48689079,rec,POINT (-122.48689079 37.75683512),4.0,Sunset/Parkside,2023-03-08,2023-03-08T15:29:00Z,35.0,105.0,39.0,10.0,7.0
18,Buena Vista Avenue East & Haight Street,5573892709891802927,restroom,0,0,0,0,37.7708518,-122.4403874,pit_stop,POINT (-122.4403874 37.7708518),5.0,Haight Ashbury,2023-03-08,2023-03-08T15:29:00Z,3.0,,112.0,7.0,11.0
19,Victoria Manalo Draves Park (Rec Park),221747607211983534,restroom,0,0,0,0,37.7767602,-122.4060242,pit_stop,POINT (-122.4060242 37.7767602),6.0,South of Market,2023-03-08,2023-03-08T15:29:00Z,34.0,98.0,32.0,1.0,10.0
20,Fulton Playground,2431148630494119459,drinking_water,1,0,0,0,37.77352288,-122.48697439,rec,POINT (-122.48697439 37.77352288),1.0,Outer Richmond,2023-03-08,2023-03-08T15:29:00Z,29.0,210.0,8.0,8.0,4.0
21,Golden Gate Park - Section 7,7708155196457707211,drinking_water,1,0,0,0,37.76916936,-122.45877021,rec,POINT (-122.45877021 37.76916936),7.0,Golden Gate Park,2023-03-08,2023-03-08T15:29:00Z,12.0,228.0,9.0,7.0,11.0
22,West Portal Playground,5278295398742666438,drinking_water,1,0,0,0,37.74173372,-122.46516693,rec,POINT (-122.46516693 37.74173372),7.0,West of Twin Peaks,2023-03-08,2023-03-08T15:29:00Z,41.0,223.0,46.0,10.0,8.0
23,St. Mary's Rec Center,2831681459449739072,restroom,0,0,0,0,37.7335634,-122.42139728,rec,POINT (-122.42139728 37.7335634),9.0,Bernal Heights,2023-03-08,2023-03-08T15:29:00Z,2.0,109.0,93.0,9.0,2.0
24,Mechanics Plaza at Battery/Market,4010859251661602629,drinking_water,0,1,0,0,37.79129,-122.399052,puc,POINT (-122.399052 37.79129),3.0,Financial District/South Beach,2023-03-08,2023-03-08T15:29:00Z,8.0,,108.0,6.0,3.0
25,Golden Gate Park - Section 5,6218325272602983271,drinking_water,1,0,0,0,37.7694843,-122.4847645,rec,POINT (-122.4847645 37.7694843),4.0,Golden Gate Park,2023-03-08,2023-03-08T15:29:00Z,12.0,233.0,9.0,8.0,4.0
26,Mountain Lake Park,4251616439565783958,drinking_water,1,0,0,0,37.78696692,-122.46778648,rec,POINT (-122.46778648 37.78696692),1.0,Inner Richmond,2023-03-08,2023-03-08T15:29:00Z,11.0,134.0,4.0,,6.0
27,474 O'Farrell Street,5601879945750936299,restroom,0,0,0,0,37.7858991,-122.4119361,pit_stop,POINT (-122.4119361 37.7858991),5.0,Tenderloin,2023-03-08,2023-03-08T15:29:00Z,36.0,,20.0,5.0,10.0
28,Community Youth Center,3575271813702956970,drinking_water,0,1,0,0,37.78702,-122.419028,puc,POINT (-122.419028 37.78702),3.0,Nob Hill,2023-03-08,2023-03-08T15:29:00Z,21.0,,50.0,4.0,3.0
29,Golden Gate Park - Section 6,8799521284584025481,drinking_water,1,0,0,0,37.76717876,-122.50798028,rec,POINT (-122.50798028 37.76717876),4.0,Golden Gate Park,2023-03-08,2023-03-08T15:29:00Z,12.0,234.0,9.0,8.0,4.0
30,Stanyan and Waller streets (JCDecaux),3881244056408532343,restroom,0,0,0,0,37.7682426,-122.4534175,pit_stop,POINT (-122.4534175 37.7682426),5.0,Golden Gate Park,2023-03-08,2023-03-08T15:29:00Z,12.0,,9.0,7.0,11.0
31,Golden Gate Park - Section 1,6809243918520221532,drinking_water,1,0,0,0,37.77269076,-122.4551895,rec,POINT (-122.4551895 37.77269076),1.0,Golden Gate Park,2023-03-08,2023-03-08T15:29:00Z,12.0,229.0,9.0,7.0,4.0
32,Washington Square,5386547074523041759,restroom,0,0,0,0,37.8010607,-122.41064148,rec,POINT (-122.41064148 37.8010607),3.0,North Beach,2023-03-08,2023-03-08T15:29:00Z,23.0,94.0,106.0,6.0,3.0
33,Lower Great Highway,2779846454828783660,restroom,0,0,0,0,37.76023995,-122.50955372,rec,POINT (-122.50955372 37.76023995),4.0,Sunset/Parkside,2023-03-08,2023-03-08T15:29:00Z,35.0,20.0,39.0,10.0,7.0
34,Noe Valley Courts,7029988507837525942,restroom,0,0,0,0,37.75148373,-122.43920333,rec,POINT (-122.43920333 37.75148373),8.0,Noe Valley,2023-03-08,2023-03-08T15:29:00Z,22.0,132.0,51.0,3.0,5.0
35,Parkside Square,4331392490837902930,drinking_water,1,0,0,0,37.73787439,-122.48462486,rec,POINT (-122.48462486 37.73787439),4.0,Sunset/Parkside,2023-03-08,2023-03-08T15:29:00Z,35.0,217.0,40.0,10.0,7.0
36,Excelsior Playground,6088569207447809868,drinking_water,1,0,0,0,37.72007917,-122.43379905,rec,POINT (-122.43379905 37.72007917),11.0,Excelsior,2023-03-08,2023-03-08T15:29:00Z,7.0,161.0,90.0,9.0,1.0
37,Pier 14,760719995364998060,drinking_water,1,1,0,0,37.793789,-122.392106,port,POINT (-122.392106 37.793789),6.0,Financial District/South Beach,2023-03-08,2023-03-08T15:29:00Z,8.0,,108.0,1.0,10.0
38,Michelangelo Playground,7384056565533913918,drinking_water,1,0,0,0,37.80117348,-122.41698043,rec,POINT (-122.41698043 37.80117348),3.0,Russian Hill,2023-03-08,2023-03-08T15:29:00Z,32.0,137.0,107.0,6.0,6.0
39,Eddy St. and Jones St.,5781725755408126527,restroom,0,0,0,0,37.7841238,-122.4122697,pit_stop,POINT (-122.4122697 37.7841238),5.0,Tenderloin,2023-03-08,2023-03-08T15:29:00Z,36.0,162.0,20.0,5.0,10.0
40,Golden Gate Park - Section 3,4964708923013958658,restroom,0,0,0,0,37.77259668,-122.46077554,rec,POINT (-122.46077554 37.77259668),1.0,Golden Gate Park,2023-03-08,2023-03-08T15:29:00Z,12.0,231.0,9.0,7.0,4.0
41,Merced Heights Playground,5714191605765301439,drinking_water,1,0,0,0,37.71766522,-122.4700903,rec,POINT (-122.4700903 37.71766522),11.0,Oceanview/Merced/Ingleside,2023-03-08,2023-03-08T15:29:00Z,24.0,138.0,65.0,10.0,1.0
42,Glide Memorial,5163727995885862566,drinking_water,0,1,1,0,37.78512,-122.411443,puc,POINT (-122.411443 37.78512),5.0,Tenderloin,2023-03-08,2023-03-08T15:29:00Z,36.0,,20.0,5.0,10.0
43,Palega Playground,554641599873380642,drinking_water,1,0,0,0,37.72927918,-122.40968938,rec,POINT (-122.40968938 37.72927918),9.0,Portola,2023-03-08,2023-03-08T15:29:00Z,25.0,130.0,91.0,2.0,2.0
44,Upper Noe Rec Center,3743241463504969307,drinking_water,1,0,0,0,37.74272463,-122.42700808,rec,POINT (-122.42700808 37.74272463),8.0,Noe Valley,2023-03-08,2023-03-08T15:29:00Z,22.0,100.0,84.0,9.0,5.0
45,Corona Heights Park,4514408095122533218,drinking_water,1,0,0,0,37.7653027,-122.44026421,rec,POINT (-122.44026421 37.7653027),8.0,Castro/Upper Market,2023-03-08,2023-03-08T15:29:00Z,5.0,202.0,113.0,7.0,5.0
46,Glen Canyon Park,2107234989712530644,drinking_water,1,0,0,0,37.73663137,-122.44060334,rec,POINT (-122.44060334 37.73663137),8.0,Glen Park,2023-03-08,2023-03-08T15:29:00Z,10.0,239.0,96.0,9.0,5.0
47,Douglass Playground,5578072315167653993,restroom,0,0,0,0,37.74627823,-122.43966856,rec,POINT (-122.43966856 37.74627823),8.0,Noe Valley,2023-03-08,2023-03-08T15:29:00Z,22.0,206.0,57.0,3.0,5.0
48,,8817975702393619368,drinking_water,1,0,0,0,37.78658959,-122.39430126,rec,POINT (-122.39430126 37.78658959),6.0,Financial District/South Beach,2023-03-08,2023-03-08T15:29:00Z,8.0,,30.0,1.0,10.0
49,Holly Park,8335222720363753276,restroom,0,0,0,0,37.73711767,-122.42057325,rec,POINT (-122.42057325 37.73711767),9.0,Bernal Heights,2023-03-08,2023-03-08T15:29:00Z,2.0,47.0,61.0,9.0,2.0
50,Minnie and Lovie Rec Center,6941931346616109343,drinking_water,1,0,0,0,37.71510852,-122.45622907,rec,POINT (-122.45622907 37.71510852),11.0,Oceanview/Merced/Ingleside,2023-03-08,2023-03-08T15:29:00Z,24.0,89.0,81.0,10.0,1.0
51,388 Ellis St.   Tenderloin Pit Stop Daily,4343160334641664872,restroom,0,0,0,0,37.7850978,-122.4125547,pit_stop,POINT (-122.4125547 37.7850978),5.0,Tenderloin,2023-03-08,2023-03-08T15:29:00Z,36.0,,20.0,5.0,10.0
52,Cottage Row Mini Park,6381947528447111567,drinking_water,1,0,0,0,37.78640627,-122.43225925,rec,POINT (-122.43225925 37.78640627),5.0,Pacific Heights,2023-03-08,2023-03-08T15:29:00Z,30.0,157.0,101.0,4.0,11.0
53,South Sunset Playground,1587063322310935668,drinking_water,1,0,0,0,37.7379974,-122.49832049,rec,POINT (-122.49832049 37.7379974),4.0,Sunset/Parkside,2023-03-08,2023-03-08T15:29:00Z,35.0,110.0,40.0,10.0,7.0
54,Shanti Project,2426436033216087414,drinking_water,0,1,1,0,37.783718,-122.419224,puc,POINT (-122.419224 37.783718),5.0,Tenderloin,2023-03-08,2023-03-08T15:29:00Z,36.0,,20.0,4.0,10.0
55,Mendell Plaza   Bayview Pit Stop Daily,897319470345964542,restroom,0,0,0,0,37.7340389,-122.3908134,pit_stop,POINT (-122.3908134 37.7340389),10.0,Bayview Hunters Point,2023-03-08,2023-03-08T15:29:00Z,1.0,,86.0,2.0,9.0
56,Golden Gate Park - Section 6,8799521284584025481,restroom,0,0,0,0,37.7679705,-122.50180555,rec,POINT (-122.50180555 37.7679705),1.0,Golden Gate Park,2023-03-08,2023-03-08T15:29:00Z,12.0,234.0,9.0,8.0,4.0
57,Tenderloin Recreation Center,206870895537627156,drinking_water,1,0,0,0,37.7847946,-122.41546384,rec,POINT (-122.41546384 37.7847946),5.0,Tenderloin,2023-03-08,2023-03-08T15:29:00Z,36.0,103.0,20.0,5.0,10.0
58,Hilltop Park,5266853380894405697,drinking_water,0,1,1,0,37.73328,-122.38366,puc,POINT (-122.38366 37.73328),10.0,Bayview Hunters Point,2023-03-08,2023-03-08T15:29:00Z,1.0,,86.0,2.0,9.0
59,Golden Gate Park - Section 4,6170016268480192283,drinking_water,1,0,0,0,37.77201183,-122.47113451,rec,POINT (-122.47113451 37.77201183),1.0,Golden Gate Park,2023-03-08,2023-03-08T15:29:00Z,12.0,232.0,9.0,8.0,4.0
60,Glen Canyon Park,2107234989712530644,drinking_water,1,0,0,0,37.73654768,-122.44077523,rec,POINT (-122.44077523 37.73654768),8.0,Glen Park,2023-03-08,2023-03-08T15:29:00Z,10.0,239.0,96.0,9.0,5.0
61,Earl’s Organic,5106290751104947072,drinking_water,0,1,1,0,37.744233,-122.398524,puc,POINT (-122.398524 37.744233),10.0,Bayview Hunters Point,2023-03-08,2023-03-08T15:29:00Z,1.0,,85.0,2.0,9.0
62,Eureka Valley Rec Center,5072124464803258922,drinking_water,1,0,0,0,37.75991077,-122.4362795,rec,POINT (-122.4362795 37.75991077),8.0,Castro/Upper Market,2023-03-08,2023-03-08T15:29:00Z,5.0,208.0,38.0,3.0,5.0
63,Presidio Heights Playground,5271140156822696650,drinking_water,1,0,0,0,37.78852676,-122.44978261,rec,POINT (-122.44978261 37.78852676),2.0,Presidio Heights,2023-03-08,2023-03-08T15:29:00Z,31.0,125.0,10.0,8.0,6.0
64,Golden Gate Park - Section 1,6809243918520221532,drinking_water,1,0,0,0,37.77273326,-122.45793152,rec,POINT (-122.45793152 37.77273326),1.0,Golden Gate Park,2023-03-08,2023-03-08T15:29:00Z,12.0,229.0,9.0,7.0,4.0
65,Francisco Park,7566119450437207717,restroom,0,0,0,0,37.80356263,-122.42126977,rec,POINT (-122.42126977 37.80356263),2.0,Russian Hill,2023-03-08,2023-03-08T15:29:00Z,32.0,193.0,107.0,6.0,6.0
66,Mission Playground,4376923903940484698,drinking_water,1,0,0,0,37.75959003,-122.42272716,rec,POINT (-122.42272716 37.75959003),9.0,Mission,2023-03-08,2023-03-08T15:29:00Z,20.0,214.0,37.0,3.0,5.0
67,Joseph L. Alioto Performing Arts Piazza,1121675889758828519,drinking_water,1,0,0,0,37.77916054,-122.41720821,rec,POINT (-122.41720821 37.77916054),5.0,Tenderloin,2023-03-08,2023-03-08T15:29:00Z,36.0,57.0,21.0,4.0,10.0
68,Lafayette Park,93632238906721509,drinking_water,1,0,0,0,37.79100922,-122.42733069,rec,POINT (-122.42733069 37.79100922),2.0,Pacific Heights,2023-03-08,2023-03-08T15:29:00Z,30.0,212.0,102.0,4.0,6.0
69,Potrero Hill Rec Center,914116007433839616,drinking_water,1,0,0,0,37.75609116,-122.39682454,rec,POINT (-122.39682454 37.75609116),10.0,Potrero Hill,2023-03-08,2023-03-08T15:29:00Z,26.0,64.0,54.0,2.0,9.0
70,U.N. Plaza (JCDecaux)   Mid Market Pit Stop Daily,2769713894485467610,restroom,0,0,0,0,37.7801432,-122.4130822,pit_stop,POINT (-122.4130822 37.7801432),5.0,Tenderloin,2023-03-08,2023-03-08T15:29:00Z,36.0,,21.0,5.0,10.0
71,3100 26th Street,2016930850356890330,restroom,0,0,0,0,37.749447,-122.4116183,pit_stop,POINT (-122.4116183 37.749447),9.0,Mission,2023-03-08,2023-03-08T15:29:00Z,20.0,,53.0,3.0,2.0
72,The Ferry Building,6345506553776018279,drinking_water,1,1,0,0,37.79542,-122.39363,port,POINT (-122.39363 37.79542),3.0,Financial District/South Beach,2023-03-08,2023-03-08T15:29:00Z,8.0,,108.0,6.0,3.0
73,Crocker Amazon Playground,2435568120723313055,drinking_water,1,0,0,0,37.713786,-122.42992586,rec,POINT (-122.42992586 37.713786),11.0,Excelsior,2023-03-08,2023-03-08T15:29:00Z,7.0,158.0,58.0,9.0,1.0
74,Golden Gate Heights Park,5847093041834995725,drinking_water,1,0,0,0,37.75014094,-122.46852366,rec,POINT (-122.46852366 37.75014094),7.0,Inner Sunset,2023-03-08,2023-03-08T15:29:00Z,14.0,48.0,44.0,10.0,8.0
75,Hilltop Park,5266853380894405697,restroom,0,0,0,0,37.73306554,-122.38256487,rec,POINT (-122.38256487 37.73306554),10.0,Bayview Hunters Point,2023-03-08,2023-03-08T15:29:00Z,1.0,120.0,86.0,2.0,9.0
76,Sunnyside Conservatory,6526956823029595609,drinking_water,1,0,0,0,37.73193324,-122.44072734,rec,POINT (-122.44072734 37.73193324),7.0,West of Twin Peaks,2023-03-08,2023-03-08T15:29:00Z,41.0,106.0,95.0,9.0,8.0
77,Portsmouth Square,6740425421970699303,drinking_water,1,0,0,0,37.79507948,-122.40537145,rec,POINT (-122.40537145 37.79507948),3.0,Chinatown,2023-03-08,2023-03-08T15:29:00Z,6.0,127.0,104.0,6.0,3.0
78,St. Mary's Rec Center,2831681459449739072,drinking_water,1,0,0,0,37.73294241,-122.42103915,rec,POINT (-122.42103915 37.73294241),9.0,Bernal Heights,2023-03-08,2023-03-08T15:29:00Z,2.0,109.0,93.0,9.0,2.0
79,Golden Gate Park - Section 7,7708155196457707211,restroom,0,0,0,0,37.76818302,-122.45891024,rec,POINT (-122.45891024 37.76818302),7.0,Golden Gate Park,2023-03-08,2023-03-08T15:29:00Z,12.0,228.0,9.0,7.0,11.0
80,Balboa Park,5104072779848174871,restroom,0,0,0,0,37.7251441,-122.44551726,rec,POINT (-122.44551726 37.7251441),11.0,Outer Mission,2023-03-08,2023-03-08T15:29:00Z,28.0,76.0,94.0,9.0,1.0
81,Adam Rodgers Park,1080250236324111795,restroom,0,0,0,0,37.73087893,-122.38372074,rec,POINT (-122.38372074 37.73087893),10.0,Bayview Hunters Point,2023-03-08,2023-03-08T15:29:00Z,1.0,146.0,86.0,2.0,9.0
82,Myrtle and Larkin streets (JCDecaux),2036881255296904282,restroom,0,0,0,0,37.7855716,-122.4180901,pit_stop,POINT (-122.4180901 37.7855716),5.0,Tenderloin,2023-03-08,2023-03-08T15:29:00Z,36.0,113.0,20.0,5.0,10.0
83,Alice Chalmers Playground,3141016569795048395,drinking_water,1,0,0,0,37.70975093,-122.44677245,rec,POINT (-122.44677245 37.70975093),11.0,Excelsior,2023-03-08,2023-03-08T15:29:00Z,7.0,68.0,58.0,9.0,1.0
84,Raymond Kimball Playground,4398727798151847140,drinking_water,1,0,0,0,37.78248303,-122.43557489,rec,POINT (-122.43557489 37.78248303),5.0,Western Addition,2023-03-08,2023-03-08T15:29:00Z,39.0,123.0,97.0,4.0,11.0
85,Telegraph Hill - Pioneer Park,4319864457267319582,drinking_water,1,0,0,0,37.80226523,-122.40593129,rec,POINT (-122.40593129 37.80226523),3.0,North Beach,2023-03-08,2023-03-08T15:29:00Z,23.0,227.0,18.0,6.0,3.0
86,Palega Playground,554641599873380642,drinking_water,1,0,0,0,37.72924873,-122.40980624,rec,POINT (-122.40980624 37.72924873),9.0,Portola,2023-03-08,2023-03-08T15:29:00Z,25.0,130.0,91.0,2.0,2.0
87,Pier 7,8096256367090940691,drinking_water,1,1,0,0,37.79897,-122.39703,port,POINT (-122.39703 37.79897),3.0,Financial District/South Beach,2023-03-08,2023-03-08T15:29:00Z,8.0,,77.0,6.0,3.0
88,Golden Gate Park - Section 4,6170016268480192283,restroom,0,0,0,0,37.76637374,-122.47668262,rec,POINT (-122.47668262 37.76637374),7.0,Golden Gate Park,2023-03-08,2023-03-08T15:29:00Z,12.0,232.0,9.0,8.0,4.0
89,John McLaren Park,4276690586920497721,restroom,0,0,0,0,37.71412965,-122.42327793,rec,POINT (-122.42327793 37.71412965),10.0,McLaren Park,2023-03-08,2023-03-08T15:29:00Z,19.0,7.0,73.0,9.0,9.0
90,Grattan Playground,1042787867992739246,drinking_water,1,0,0,0,37.76261499,-122.45168928,rec,POINT (-122.45168928 37.76261499),8.0,Haight Ashbury,2023-03-08,2023-03-08T15:29:00Z,3.0,172.0,114.0,7.0,11.0
91,Duboce Park,8886716724462518672,drinking_water,1,0,0,0,37.76940827,-122.43347772,rec,POINT (-122.43347772 37.76940827),8.0,Haight Ashbury,2023-03-08,2023-03-08T15:29:00Z,3.0,159.0,28.0,7.0,5.0
92,Margaret S.Hayward Playground,6183247756522780021,restroom,0,0,0,0,37.78074365,-122.42668916,rec,POINT (-122.42668916 37.78074365),5.0,Western Addition,2023-03-08,2023-03-08T15:29:00Z,39.0,140.0,100.0,4.0,11.0
93,Patricia's Green in Hayes Valley,3361452970464656774,drinking_water,1,0,0,0,37.77594165,-122.42444106,rec,POINT (-122.42444106 37.77594165),5.0,Hayes Valley,2023-03-08,2023-03-08T15:29:00Z,9.0,189.0,22.0,4.0,11.0
94,Yacht Harbor and Marina Green,7761910724686902864,restroom,0,0,0,0,37.80664933,-122.44254125,rec,POINT (-122.44254125 37.80664933),,Marina,2023-03-08,2023-03-08T15:29:00Z,13.0,90.0,17.0,4.0,6.0
95,Carl Larsen Park,3819247075119379493,restroom,0,0,0,0,37.73945885,-122.47604415,rec,POINT (-122.47604415 37.73945885),4.0,Sunset/Parkside,2023-03-08,2023-03-08T15:29:00Z,35.0,154.0,40.0,10.0,7.0
96,Mission Rec Center,6090540971816192510,drinking_water,1,0,0,0,37.75812351,-122.4130488,rec,POINT (-122.4130488 37.75812351),9.0,Mission,2023-03-08,2023-03-08T15:29:00Z,20.0,215.0,53.0,3.0,2.0
97,Hallidie Plaza (JCDecaux),6069116949746546373,restroom,0,0,0,0,37.7844142,-122.4077797,pit_stop,POINT (-122.4077797 37.7844142),3.0,Tenderloin,2023-03-08,2023-03-08T15:29:00Z,36.0,,19.0,5.0,3.0
98,3rd and Clement,2353041988599802789,drinking_water,0,1,0,0,37.783196,-122.461368,puc,POINT (-122.461368 37.783196),1.0,Inner Richmond,2023-03-08,2023-03-08T15:29:00Z,11.0,,5.0,8.0,4.0
99,Judah and La Playa streets (Rec Park),908664278546294335,restroom,0,0,0,0,37.7603081,-122.5091618,pit_stop,POINT (-122.5091618 37.7603081),4.0,Sunset/Parkside,2023-03-08,2023-03-08T15:29:00Z,35.0,,39.0,10.0,7.0
100,Balboa Park,5104072779848174871,drinking_water,1,0,0,0,37.72581815,-122.44332779,rec,POINT (-122.44332779 37.72581815),11.0,Outer Mission,2023-03-08,2023-03-08T15:29:00Z,28.0,76.0,94.0,9.0,1.0
101,Golden Gate Park - Section 6,8799521284584025481,drinking_water,1,0,0,0,37.76735036,-122.50799499,rec,POINT (-122.50799499 37.76735036),4.0,Golden Gate Park,2023-03-08,2023-03-08T15:29:00Z,12.0,234.0,9.0,8.0,4.0
102,Heron's Head Park,797741572696973161,drinking_water,1,1,0,1,37.740119,-122.37597,port,POINT (-122.37597 37.740119),10.0,Bayview Hunters Point,2023-03-08,2023-03-08T15:29:00Z,1.0,,56.0,2.0,9.0
103,Mountain Lake Park,4251616439565783958,drinking_water,1,0,0,0,37.78696666,-122.46791833,rec,POINT (-122.46791833 37.78696666),1.0,Inner Richmond,2023-03-08,2023-03-08T15:29:00Z,11.0,134.0,4.0,,6.0
104,Lafayette Park,93632238906721509,drinking_water,1,0,0,0,37.79130919,-122.42860641,rec,POINT (-122.42860641 37.79130919),2.0,Pacific Heights,2023-03-08,2023-03-08T15:29:00Z,30.0,212.0,102.0,4.0,6.0
105,Hayes Valley Playground,8715421085735745893,drinking_water,1,0,0,0,37.77606455,-122.42739973,rec,POINT (-122.42739973 37.77606455),5.0,Hayes Valley,2023-03-08,2023-03-08T15:29:00Z,9.0,174.0,22.0,4.0,11.0
106,Sgt. John Macaulay Park,1782788959639092500,drinking_water,1,0,0,0,37.78538204,-122.41823489,rec,POINT (-122.41823489 37.78538204),5.0,Tenderloin,2023-03-08,2023-03-08T15:29:00Z,36.0,113.0,20.0,5.0,10.0
107,Taylor and Turk streets,5392283402503280394,restroom,0,0,0,0,37.7832058,-122.4108252,pit_stop,POINT (-122.4108252 37.7832058),5.0,Tenderloin,2023-03-08,2023-03-08T15:29:00Z,36.0,,20.0,5.0,10.0
108,Mission Dolores Park,4639117197814467839,restroom,0,0,0,0,37.76079073,-122.42773624,rec,POINT (-122.42773624 37.76079073),8.0,Castro/Upper Market,2023-03-08,2023-03-08T15:29:00Z,5.0,213.0,37.0,3.0,5.0
109,Merced Heights Playground,5714191605765301439,drinking_water,1,0,0,0,37.71747646,-122.47037098,rec,POINT (-122.47037098 37.71747646),11.0,Oceanview/Merced/Ingleside,2023-03-08,2023-03-08T15:29:00Z,24.0,138.0,65.0,10.0,1.0
110,Noe Valley Courts,7029988507837525942,drinking_water,1,0,0,0,37.75145174,-122.43893273,rec,POINT (-122.43893273 37.75145174),8.0,Noe Valley,2023-03-08,2023-03-08T15:29:00Z,22.0,132.0,51.0,3.0,5.0
111,Golden Gate Park - Section 7,7708155196457707211,restroom,0,0,0,0,37.76853064,-122.46536326,rec,POINT (-122.46536326 37.76853064),7.0,Golden Gate Park,2023-03-08,2023-03-08T15:29:00Z,12.0,228.0,9.0,8.0,11.0
112,Market and Castro streets (JCDecaux),4729745566184377685,restroom,0,0,0,0,37.7627732,-122.4348053,pit_stop,POINT (-122.4348053 37.7627732),8.0,Castro/Upper Market,2023-03-08,2023-03-08T15:29:00Z,5.0,,38.0,3.0,5.0
113,South Beach Harbor,5535662967239792186,drinking_water,1,1,0,1,37.7803467,-122.3877,port,POINT (-122.3877 37.7803467),6.0,Mission Bay,2023-03-08,2023-03-08T15:29:00Z,4.0,,31.0,1.0,10.0
114,John McLaren Park,4276690586920497721,drinking_water,1,0,0,0,37.71923463,-122.4128197,rec,POINT (-122.4128197 37.71923463),9.0,McLaren Park,2023-03-08,2023-03-08T15:29:00Z,19.0,7.0,73.0,9.0,2.0
115,Golden Gate Park - Section 1,6809243918520221532,drinking_water,1,0,0,0,37.76698614,-122.45331627,rec,POINT (-122.45331627 37.76698614),5.0,Golden Gate Park,2023-03-08,2023-03-08T15:29:00Z,12.0,229.0,9.0,7.0,11.0
116,Yacht Harbor and Marina Green,7761910724686902864,restroom,0,0,0,0,37.80660485,-122.44271638,rec,POINT (-122.44271638 37.80660485),,Marina,2023-03-08,2023-03-08T15:29:00Z,13.0,90.0,17.0,4.0,6.0
117,Sunnyside Playground,8135329547080825432,drinking_water,1,0,0,0,37.73385133,-122.44818601,rec,POINT (-122.44818601 37.73385133),7.0,West of Twin Peaks,2023-03-08,2023-03-08T15:29:00Z,41.0,222.0,95.0,9.0,8.0
118,Golden Gate Park - Section 1,6809243918520221532,drinking_water,1,0,0,0,37.76828383,-122.45470498,rec,POINT (-122.45470498 37.76828383),5.0,Golden Gate Park,2023-03-08,2023-03-08T15:29:00Z,12.0,229.0,9.0,7.0,11.0
119,Golden Gate Park - Section 6,8799521284584025481,drinking_water,1,0,0,0,37.76453033,-122.50498243,rec,POINT (-122.50498243 37.76453033),4.0,Golden Gate Park,2023-03-08,2023-03-08T15:29:00Z,12.0,234.0,9.0,8.0,4.0
120,Mountain Lake Park,4251616439565783958,drinking_water,1,0,0,0,37.78685001,-122.47041585,rec,POINT (-122.47041585 37.78685001),1.0,Inner Richmond,2023-03-08,2023-03-08T15:29:00Z,11.0,134.0,4.0,,6.0
121,John McLaren Park,4276690586920497721,restroom,0,0,0,0,37.7208576,-122.41690725,rec,POINT (-122.41690725 37.7208576),9.0,McLaren Park,2023-03-08,2023-03-08T15:29:00Z,19.0,7.0,73.0,9.0,2.0
122,John McLaren Park,4276690586920497721,drinking_water,1,0,0,0,37.72215034,-122.42056088,rec,POINT (-122.42056088 37.72215034),9.0,McLaren Park,2023-03-08,2023-03-08T15:29:00Z,19.0,7.0,73.0,9.0,2.0
123,Betty Ann Ong Chinese Rec Center,5717379400426049330,drinking_water,1,0,0,0,37.79436892,-122.41183784,rec,POINT (-122.41183784 37.79436892),3.0,Nob Hill,2023-03-08,2023-03-08T15:29:00Z,21.0,155.0,16.0,6.0,3.0
124,DuPont Tennis Courts,3112532211757124214,drinking_water,1,0,0,0,37.78285733,-122.49082809,rec,POINT (-122.49082809 37.78285733),1.0,Outer Richmond,2023-03-08,2023-03-08T15:29:00Z,29.0,207.0,8.0,8.0,4.0
125,Louis Sutter Playground,4867375068631417873,drinking_water,1,0,0,0,37.72219833,-122.41307066,rec,POINT (-122.41307066 37.72219833),9.0,McLaren Park,2023-03-08,2023-03-08T15:29:00Z,19.0,10.0,73.0,2.0,2.0
126,Portsmouth Square,6740425421970699303,restroom,0,0,0,0,37.79460171,-122.40561932,rec,POINT (-122.40561932 37.79460171),3.0,Chinatown,2023-03-08,2023-03-08T15:29:00Z,6.0,127.0,104.0,6.0,3.0
127,Crocker Amazon Playground,2435568120723313055,drinking_water,1,0,0,0,37.71271765,-122.42730605,rec,POINT (-122.42730605 37.71271765),11.0,Excelsior,2023-03-08,2023-03-08T15:29:00Z,7.0,158.0,58.0,9.0,1.0
128,Golden Gate Park - Section 6,8799521284584025481,drinking_water,1,0,0,0,37.76799311,-122.50820018,rec,POINT (-122.50820018 37.76799311),4.0,Golden Gate Park,2023-03-08,2023-03-08T15:29:00Z,12.0,234.0,9.0,8.0,4.0
129,Moscone Rec Center,6411078000601779573,drinking_water,1,0,0,0,37.80159155,-122.43344255,rec,POINT (-122.43344255 37.80159155),2.0,Marina,2023-03-08,2023-03-08T15:29:00Z,13.0,135.0,17.0,4.0,6.0
130,Michelangelo Playground,7384056565533913918,restroom,0,0,0,0,37.80126938,-122.41678095,rec,POINT (-122.41678095 37.80126938),3.0,Russian Hill,2023-03-08,2023-03-08T15:29:00Z,32.0,137.0,107.0,6.0,6.0
131,Aptos Playground,586090372451393635,restroom,0,0,0,0,37.72850527,-122.46602207,rec,POINT (-122.46602207 37.72850527),7.0,West of Twin Peaks,2023-03-08,2023-03-08T15:29:00Z,41.0,70.0,63.0,10.0,8.0
132,Franklin Square,2010608135841249019,drinking_water,1,0,0,0,37.76480217,-122.40909107,rec,POINT (-122.40909107 37.76480217),9.0,Mission,2023-03-08,2023-03-08T15:29:00Z,20.0,164.0,53.0,3.0,9.0
133,Port of San Francisco,2480114164880190808,drinking_water,1,1,0,0,37.79689,-122.39505,port,POINT (-122.39505 37.79689),3.0,Financial District/South Beach,2023-03-08,2023-03-08T15:29:00Z,8.0,,77.0,6.0,3.0
134,Walter Haas Playground,101756605658720829,drinking_water,1,0,0,0,37.74063506,-122.43527108,rec,POINT (-122.43527108 37.74063506),8.0,Glen Park,2023-03-08,2023-03-08T15:29:00Z,10.0,96.0,59.0,9.0,5.0
135,Youngblood Colman Park,8953154863104910777,drinking_water,0,1,1,0,37.739575,-122.385795,puc,POINT (-122.385795 37.739575),10.0,Bayview Hunters Point,2023-03-08,2023-03-08T15:29:00Z,1.0,,86.0,2.0,9.0
136,Grove and Larkin streets (JCDecaux),5957884174782926439,restroom,0,0,0,0,37.7787317,-122.4169278,pit_stop,POINT (-122.4169278 37.7787317),5.0,Tenderloin,2023-03-08,2023-03-08T15:29:00Z,36.0,,21.0,4.0,10.0
137,Parkside Square,4331392490837902930,drinking_water,1,0,0,0,37.73777565,-122.48448155,rec,POINT (-122.48448155 37.73777565),4.0,Sunset/Parkside,2023-03-08,2023-03-08T15:29:00Z,35.0,217.0,40.0,10.0,7.0
138,Margaret S.Hayward Playground,6183247756522780021,drinking_water,1,0,0,0,37.78068954,-122.42683317,rec,POINT (-122.42683317 37.78068954),5.0,Western Addition,2023-03-08,2023-03-08T15:29:00Z,39.0,140.0,100.0,4.0,11.0
139,2111 Jennings St,712330230264580134,restroom,0,0,0,0,37.7268119,-122.3885411,pit_stop,POINT (-122.3885411 37.7268119),10.0,Bayview Hunters Point,2023-03-08,2023-03-08T15:29:00Z,1.0,,86.0,2.0,9.0
140,Minnie and Lovie Rec Center,6941931346616109343,drinking_water,1,0,0,0,37.71508578,-122.45889409,rec,POINT (-122.45889409 37.71508578),11.0,Oceanview/Merced/Ingleside,2023-03-08,2023-03-08T15:29:00Z,24.0,89.0,81.0,10.0,1.0
141,Washington Square,5386547074523041759,drinking_water,1,0,0,0,37.80102516,-122.41061653,rec,POINT (-122.41061653 37.80102516),3.0,North Beach,2023-03-08,2023-03-08T15:29:00Z,23.0,94.0,106.0,6.0,3.0
142,Balboa Park,5104072779848174871,restroom,0,0,0,0,37.72518276,-122.44423221,rec,POINT (-122.44423221 37.72518276),11.0,Outer Mission,2023-03-08,2023-03-08T15:29:00Z,28.0,76.0,94.0,9.0,1.0
143,Golden Gate Park - Section 4,6170016268480192283,restroom,0,0,0,0,37.77151692,-122.47201254,rec,POINT (-122.47201254 37.77151692),1.0,Golden Gate Park,2023-03-08,2023-03-08T15:29:00Z,12.0,232.0,9.0,8.0,4.0
144,Corona Heights Park,4514408095122533218,drinking_water,1,0,0,0,37.76530418,-122.44027951,rec,POINT (-122.44027951 37.76530418),8.0,Castro/Upper Market,2023-03-08,2023-03-08T15:29:00Z,5.0,202.0,113.0,7.0,5.0
145,P24 park at Illinois and Terry Franciois Blvd,1870571608196722104,drinking_water,1,1,0,1,37.76515,-122.38791,port,POINT (-122.38791 37.76515),6.0,Mission Bay,2023-03-08,2023-03-08T15:29:00Z,4.0,,34.0,1.0,10.0
146,St. Mary's Square,2773694353532228764,drinking_water,1,0,0,0,37.79172029,-122.40514974,rec,POINT (-122.40514974 37.79172029),3.0,Financial District/South Beach,2023-03-08,2023-03-08T15:29:00Z,8.0,108.0,104.0,6.0,3.0
147,Golden Gate Park - Section 6,8799521284584025481,drinking_water,1,0,0,0,37.77082294,-122.50298666,rec,POINT (-122.50298666 37.77082294),1.0,Golden Gate Park,2023-03-08,2023-03-08T15:29:00Z,12.0,234.0,9.0,8.0,4.0
148,Parkside Square,4331392490837902930,restroom,0,0,0,0,37.73833267,-122.48370963,rec,POINT (-122.48370963 37.73833267),4.0,Sunset/Parkside,2023-03-08,2023-03-08T15:29:00Z,35.0,217.0,40.0,10.0,7.0
149,Minnie and Lovie Rec Center,6941931346616109343,drinking_water,1,0,0,0,37.71604018,-122.45731415,rec,POINT (-122.45731415 37.71604018),11.0,Oceanview/Merced/Ingleside,2023-03-08,2023-03-08T15:29:00Z,24.0,89.0,81.0,10.0,1.0
150,John McLaren Park,4276690586920497721,drinking_water,1,0,0,0,37.72324984,-122.42085242,rec,POINT (-122.42085242 37.72324984),11.0,McLaren Park,2023-03-08,2023-03-08T15:29:00Z,19.0,7.0,73.0,9.0,2.0
151,Arriba Juntos,6602640275624901656,drinking_water,0,1,1,0,37.76735,-122.420036,puc,POINT (-122.420036 37.76735),9.0,Mission,2023-03-08,2023-03-08T15:29:00Z,20.0,,53.0,3.0,2.0
152,Victoria Manalo Draves Park,5912888443900411393,drinking_water,1,0,0,0,37.7770926,-122.40612872,rec,POINT (-122.40612872 37.7770926),6.0,South of Market,2023-03-08,2023-03-08T15:29:00Z,34.0,98.0,32.0,1.0,10.0
153,St. Anthony’s,7445615193348602078,drinking_water,0,1,1,0,37.78205,-122.413147,puc,POINT (-122.413147 37.78205),5.0,Tenderloin,2023-03-08,2023-03-08T15:29:00Z,36.0,,20.0,5.0,10.0
154,John McLaren Park,4276690586920497721,drinking_water,1,0,0,0,37.72214169,-122.42055598,rec,POINT (-122.42055598 37.72214169),9.0,McLaren Park,2023-03-08,2023-03-08T15:29:00Z,19.0,7.0,73.0,9.0,2.0
155,Crocker Amazon Playground,2435568120723313055,drinking_water,1,0,0,0,37.71439574,-122.42884926,rec,POINT (-122.42884926 37.71439574),11.0,Excelsior,2023-03-08,2023-03-08T15:29:00Z,7.0,158.0,58.0,9.0,1.0
156,John McLaren Park,4276690586920497721,drinking_water,1,0,0,0,37.72368487,-122.42307588,rec,POINT (-122.42307588 37.72368487),11.0,McLaren Park,2023-03-08,2023-03-08T15:29:00Z,19.0,7.0,73.0,9.0,2.0
157,Alamo Square,6959569036012888541,drinking_water,1,0,0,0,37.77569882,-122.43462602,rec,POINT (-122.43462602 37.77569882),5.0,Hayes Valley,2023-03-08,2023-03-08T15:29:00Z,9.0,67.0,23.0,4.0,11.0
158,Sigmund Stern Recreation Grove,1885840382059993738,restroom,0,0,0,0,37.73619608,-122.47820985,rec,POINT (-122.47820985 37.73619608),4.0,Sunset/Parkside,2023-03-08,2023-03-08T15:29:00Z,35.0,112.0,40.0,10.0,7.0
159,Golden Gate Park - Section 1,6809243918520221532,restroom,0,0,0,0,37.77208723,-122.44757782,rec,POINT (-122.44757782 37.77208723),5.0,Golden Gate Park,2023-03-08,2023-03-08T15:29:00Z,12.0,229.0,24.0,7.0,11.0
160,Richmond Playground,446230744853619963,drinking_water,1,0,0,0,37.78520683,-122.47788731,rec,POINT (-122.47788731 37.78520683),1.0,Outer Richmond,2023-03-08,2023-03-08T15:29:00Z,29.0,122.0,2.0,8.0,4.0
161,SFGH Building 80/90 COVID 19 Pit Stop,60686349377577210,restroom,0,0,0,0,37.7571167,-122.4056906,pit_stop,POINT (-122.4056906 37.7571167),10.0,Mission,2023-03-08,2023-03-08T15:29:00Z,20.0,,54.0,3.0,9.0
162,Golden Gate Park - Section 5,6218325272602983271,restroom,0,0,0,0,37.76941755,-122.49308732,rec,POINT (-122.49308732 37.76941755),4.0,Golden Gate Park,2023-03-08,2023-03-08T15:29:00Z,12.0,233.0,9.0,8.0,4.0
163,Buena Vista Park,6833640830573489820,drinking_water,1,0,0,0,37.76984824,-122.43959333,rec,POINT (-122.43959333 37.76984824),8.0,Haight Ashbury,2023-03-08,2023-03-08T15:29:00Z,3.0,152.0,112.0,7.0,5.0
164,In Chan Kaajal Park,4881579226480589252,drinking_water,1,0,0,0,37.76379213,-122.41554275,rec,POINT (-122.41554275 37.76379213),9.0,Mission,2023-03-08,2023-03-08T15:29:00Z,20.0,203.0,53.0,3.0,2.0
165,Lincoln Park,8110471399965727685,restroom,0,0,0,0,37.78421701,-122.50181069,rec,POINT (-122.50181069 37.78421701),1.0,Lincoln Park,2023-03-08,2023-03-08T15:29:00Z,17.0,52.0,7.0,8.0,4.0
166,Noe Valley Courts,7029988507837525942,drinking_water,1,0,0,0,37.75144847,-122.4389324,rec,POINT (-122.4389324 37.75144847),8.0,Noe Valley,2023-03-08,2023-03-08T15:29:00Z,22.0,132.0,51.0,3.0,5.0
167,Sunset Rec Center,3142068490630731138,drinking_water,1,0,0,0,37.75712192,-122.48690258,rec,POINT (-122.48690258 37.75712192),4.0,Sunset/Parkside,2023-03-08,2023-03-08T15:29:00Z,35.0,105.0,39.0,10.0,7.0
168,Duboce Park,8886716724462518672,drinking_water,1,0,0,0,37.76940112,-122.43355645,rec,POINT (-122.43355645 37.76940112),8.0,Haight Ashbury,2023-03-08,2023-03-08T15:29:00Z,3.0,159.0,28.0,7.0,5.0
169,Yacht Harbor and Marina Green,7761910724686902864,drinking_water,1,0,0,0,37.80657577,-122.44257255,rec,POINT (-122.44257255 37.80657577),,Marina,2023-03-08,2023-03-08T15:29:00Z,,90.0,17.0,4.0,6.0
170,Golden Gate Park - Section 5,6218325272602983271,restroom,0,0,0,0,37.76678518,-122.49278037,rec,POINT (-122.49278037 37.76678518),4.0,Golden Gate Park,2023-03-08,2023-03-08T15:29:00Z,12.0,233.0,9.0,8.0,4.0
171,Botanical Garden,7091057323785970611,drinking_water,1,1,0,0,37.766308,-122.466602,puc,POINT (-122.466602 37.766308),7.0,Golden Gate Park,2023-03-08,2023-03-08T15:29:00Z,12.0,231.0,9.0,8.0,11.0
172,Mission Dolores Park,4639117197814467839,drinking_water,1,0,0,0,37.75945104,-122.42709052,rec,POINT (-122.42709052 37.75945104),8.0,Castro/Upper Market,2023-03-08,2023-03-08T15:29:00Z,5.0,213.0,37.0,3.0,5.0
173,Bayview K.C. Jones Playground,1409888496563303904,restroom,0,0,0,0,37.72555732,-122.39302008,rec,POINT (-122.39302008 37.72555732),10.0,Bayview Hunters Point,2023-03-08,2023-03-08T15:29:00Z,1.0,77.0,86.0,2.0,9.0
174,John McLaren Park,4276690586920497721,restroom,0,0,0,0,37.72294741,-122.41854819,rec,POINT (-122.41854819 37.72294741),11.0,McLaren Park,2023-03-08,2023-03-08T15:29:00Z,19.0,7.0,73.0,9.0,2.0
175,Betty Ann Ong Chinese Rec Center,5717379400426049330,drinking_water,1,0,0,0,37.7942858,-122.41168109,rec,POINT (-122.41168109 37.7942858),3.0,Nob Hill,2023-03-08,2023-03-08T15:29:00Z,21.0,155.0,16.0,6.0,3.0
176,Golden Gate Park - Section 7,7708155196457707211,restroom,0,0,0,0,37.76822547,-122.46213251,rec,POINT (-122.46213251 37.76822547),7.0,Golden Gate Park,2023-03-08,2023-03-08T15:29:00Z,12.0,228.0,9.0,8.0,11.0
177,Cayuga Playground,6671572050578083174,drinking_water,1,0,0,0,37.71432205,-122.44985676,rec,POINT (-122.44985676 37.71432205),11.0,Outer Mission,2023-03-08,2023-03-08T15:29:00Z,28.0,205.0,66.0,9.0,1.0
178,Turk and Hyde streets,7055883164680721864,restroom,0,0,0,0,37.7825365,-122.4157402,pit_stop,POINT (-122.4157402 37.7825365),5.0,Tenderloin,2023-03-08,2023-03-08T15:29:00Z,36.0,,20.0,5.0,10.0
179,Portsmouth Square,6740425421970699303,drinking_water,1,0,0,0,37.79460417,-122.4055647,rec,POINT (-122.4055647 37.79460417),3.0,Chinatown,2023-03-08,2023-03-08T15:29:00Z,6.0,127.0,104.0,6.0,3.0
180,Golden Gate Park - Section 6,8799521284584025481,drinking_water,1,0,0,0,37.7679226,-122.50183443,rec,POINT (-122.50183443 37.7679226),1.0,Golden Gate Park,2023-03-08,2023-03-08T15:29:00Z,12.0,234.0,9.0,8.0,4.0
181,Washington Square at Union St. (JCDecaux),1188837193886178893,restroom,0,0,0,0,37.8004679,-122.4097323,pit_stop,POINT (-122.4097323 37.8004679),3.0,North Beach,2023-03-08,2023-03-08T15:29:00Z,23.0,94.0,106.0,6.0,3.0
182,Holly Park,8335222720363753276,drinking_water,1,0,0,0,37.73711021,-122.42054762,rec,POINT (-122.42054762 37.73711021),9.0,Bernal Heights,2023-03-08,2023-03-08T15:29:00Z,2.0,47.0,61.0,9.0,2.0
183,Lafayette Park,93632238906721509,restroom,0,0,0,0,37.79170664,-122.4281209,rec,POINT (-122.4281209 37.79170664),2.0,Pacific Heights,2023-03-08,2023-03-08T15:29:00Z,30.0,212.0,102.0,4.0,6.0
184,Mission Playground,4376923903940484698,drinking_water,1,0,0,0,37.75943802,-122.42239536,rec,POINT (-122.42239536 37.75943802),9.0,Mission,2023-03-08,2023-03-08T15:29:00Z,20.0,214.0,37.0,3.0,5.0
185,Eddy St. and Larkin St.   Tenderloin Pit Stop Daily,3456542317931018260,restroom,0,0,0,0,37.783353,-122.41769,pit_stop,POINT (-122.41769 37.783353),5.0,Tenderloin,2023-03-08,2023-03-08T15:29:00Z,36.0,,20.0,5.0,10.0
186,Washington & Hyde Mini Park,6118209949725913034,drinking_water,1,0,0,0,37.79402744,-122.41741747,rec,POINT (-122.41741747 37.79402744),3.0,Russian Hill,2023-03-08,2023-03-08T15:29:00Z,32.0,95.0,16.0,6.0,3.0
187,885 Potrero Ave.,609393030088581305,restroom,0,0,0,0,37.7584902,-122.4067787,pit_stop,POINT (-122.4067787 37.7584902),10.0,Mission,2023-03-08,2023-03-08T15:29:00Z,20.0,,54.0,3.0,9.0
188,Coleridge Mini Park,7714353101840966458,drinking_water,1,0,0,0,37.74427895,-122.41948145,rec,POINT (-122.41948145 37.74427895),9.0,Bernal Heights,2023-03-08,2023-03-08T15:29:00Z,2.0,156.0,83.0,9.0,2.0
189,Golden Gate Park - Section 1,6809243918520221532,drinking_water,1,0,0,0,37.76632871,-122.45490832,rec,POINT (-122.45490832 37.76632871),5.0,Golden Gate Park,2023-03-08,2023-03-08T15:29:00Z,12.0,229.0,9.0,7.0,11.0
190,DuPont Tennis Courts,3112532211757124214,restroom,0,0,0,0,37.78287907,-122.49084001,rec,POINT (-122.49084001 37.78287907),1.0,Outer Richmond,2023-03-08,2023-03-08T15:29:00Z,29.0,207.0,8.0,8.0,4.0
191,Golden Gate Park - Section 6,8799521284584025481,restroom,0,0,0,0,37.76726034,-122.50795587,rec,POINT (-122.50795587 37.76726034),4.0,Golden Gate Park,2023-03-08,2023-03-08T15:29:00Z,12.0,234.0,9.0,8.0,4.0
192,J.P. Murphy Playground,5770721695184792140,drinking_water,1,0,0,0,37.75208919,-122.46504439,rec,POINT (-122.46504439 37.75208919),7.0,Inner Sunset,2023-03-08,2023-03-08T15:29:00Z,14.0,178.0,45.0,10.0,8.0
193,Lake Merced Park,3772981690646760232,drinking_water,1,0,0,0,37.72593889,-122.49983697,rec,POINT (-122.49983697 37.72593889),7.0,Lakeshore,2023-03-08,2023-03-08T15:29:00Z,16.0,2.0,43.0,10.0,8.0
194,16th and Mission streets (JCDecaux),7221677675869011765,restroom,0,0,0,0,37.7649465,-122.4200173,pit_stop,POINT (-122.4200173 37.7649465),9.0,Mission,2023-03-08,2023-03-08T15:29:00Z,20.0,,53.0,3.0,2.0
195,Alamo Square,6959569036012888541,restroom,0,0,0,0,37.7760676,-122.43430947,rec,POINT (-122.43430947 37.7760676),5.0,Hayes Valley,2023-03-08,2023-03-08T15:29:00Z,9.0,67.0,23.0,4.0,11.0
196,Alta Plaza Park,2241215992070893956,drinking_water,1,0,0,0,37.79123499,-122.43818413,rec,POINT (-122.43818413 37.79123499),2.0,Pacific Heights,2023-03-08,2023-03-08T15:29:00Z,30.0,149.0,102.0,4.0,6.0
197,Golden Gate Park - Section 6,8799521284584025481,drinking_water,1,0,0,0,37.76471074,-122.50481421,rec,POINT (-122.50481421 37.76471074),4.0,Golden Gate Park,2023-03-08,2023-03-08T15:29:00Z,12.0,234.0,9.0,8.0,4.0
198,Golden Gate Park - Section 4,6170016268480192283,restroom,0,0,0,0,37.77097466,-122.47686404,rec,POINT (-122.47686404 37.77097466),7.0,Golden Gate Park,2023-03-08,2023-03-08T15:29:00Z,12.0,232.0,9.0,8.0,4.0
199,Kid Power Park,7341627948818218065,drinking_water,1,0,0,0,37.76416258,-122.42023207,rec,POINT (-122.42023207 37.76416258),9.0,Mission,2023-03-08,2023-03-08T15:29:00Z,20.0,185.0,53.0,3.0,2.0
200,Mission Dolores Park,4639117197814467839,restroom,0,0,0,0,37.75855884,-122.42640751,rec,POINT (-122.42640751 37.75855884),8.0,Castro/Upper Market,2023-03-08,2023-03-08T15:29:00Z,5.0,213.0,37.0,3.0,5.0
201,Midtown Terrace Playground,333313217401931593,drinking_water,1,0,0,0,37.7516673,-122.45582057,rec,POINT (-122.45582057 37.7516673),7.0,Twin Peaks,2023-03-08,2023-03-08T15:29:00Z,38.0,61.0,48.0,7.0,8.0
202,Betty Ann Ong Chinese Rec Center,5717379400426049330,drinking_water,1,0,0,0,37.7942862,-122.41168095,rec,POINT (-122.41168095 37.7942862),3.0,Nob Hill,2023-03-08,2023-03-08T15:29:00Z,21.0,155.0,16.0,6.0,3.0
203,Golden Gate Park,5221741286129844184,restroom,0,0,0,0,37.77044092,-122.46943285,rec,POINT (-122.46943285 37.77044092),7.0,Golden Gate Park,2023-03-08,2023-03-08T15:29:00Z,12.0,235.0,9.0,8.0,4.0
204,Golden Gate Park - Section 1,6809243918520221532,restroom,0,0,0,0,37.7737476,-122.45598221,rec,POINT (-122.45598221 37.7737476),1.0,Golden Gate Park,2023-03-08,2023-03-08T15:29:00Z,12.0,229.0,9.0,7.0,4.0
205,Yacht Harbor and Marina Green,7761910724686902864,restroom,0,0,0,0,37.80566642,-122.44826981,rec,POINT (-122.44826981 37.80566642),2.0,Marina,2023-03-08,2023-03-08T15:29:00Z,13.0,90.0,17.0,4.0,6.0
206,West Sunset Playground,7394643088409434148,drinking_water,1,0,0,0,37.75041827,-122.49810499,rec,POINT (-122.49810499 37.75041827),4.0,Sunset/Parkside,2023-03-08,2023-03-08T15:29:00Z,35.0,93.0,39.0,10.0,7.0
207,Precita Park,3039714577729476961,drinking_water,1,0,0,0,37.74685541,-122.41324323,rec,POINT (-122.41324323 37.74685541),9.0,Bernal Heights,2023-03-08,2023-03-08T15:29:00Z,2.0,6.0,83.0,9.0,2.0
208,Mendell Plaza,1583894823483341905,drinking_water,0,1,1,0,37.734648,-122.390524,puc,POINT (-122.390524 37.734648),10.0,Bayview Hunters Point,2023-03-08,2023-03-08T15:29:00Z,1.0,,86.0,2.0,9.0
209,McCoppin Square,1509436752478679569,restroom,0,0,0,0,37.74352757,-122.4809021,rec,POINT (-122.4809021 37.74352757),4.0,Sunset/Parkside,2023-03-08,2023-03-08T15:29:00Z,35.0,139.0,40.0,10.0,7.0
210,Moscone Rec Center,6411078000601779573,drinking_water,1,0,0,0,37.80148695,-122.43322679,rec,POINT (-122.43322679 37.80148695),2.0,Marina,2023-03-08,2023-03-08T15:29:00Z,13.0,135.0,17.0,4.0,6.0
211,SFGH Building 25 Covid 19 Pit Stop,5196614314585233279,restroom,0,0,0,0,37.7551445,-122.405358,pit_stop,POINT (-122.405358 37.7551445),10.0,Mission,2023-03-08,2023-03-08T15:29:00Z,20.0,,54.0,3.0,9.0
212,Lafayette Park,93632238906721509,drinking_water,1,0,0,0,37.79159123,-122.42816475,rec,POINT (-122.42816475 37.79159123),2.0,Pacific Heights,2023-03-08,2023-03-08T15:29:00Z,30.0,212.0,102.0,4.0,6.0
213,Julian Avenue & 15th Street,4109869391381659677,restroom,0,0,0,0,37.7665961,-122.4210799,pit_stop,POINT (-122.4210799 37.7665961),9.0,Mission,2023-03-08,2023-03-08T15:29:00Z,20.0,,53.0,3.0,2.0
214,Gilman Playground,4279471113896791598,restroom,0,0,0,0,37.71717854,-122.38877266,rec,POINT (-122.38877266 37.71717854),10.0,Bayview Hunters Point,2023-03-08,2023-03-08T15:29:00Z,1.0,169.0,88.0,2.0,9.0
215,Lake Merced Park,3772981690646760232,drinking_water,1,0,0,0,37.71236352,-122.4892926,rec,POINT (-122.4892926 37.71236352),7.0,Lakeshore,2023-03-08,2023-03-08T15:29:00Z,16.0,2.0,43.0,10.0,8.0
216,Bayview Gateway Park,6601007062272325826,drinking_water,1,1,0,0,37.74671,-122.38634,port,POINT (-122.38634 37.74671),10.0,Bayview Hunters Point,2023-03-08,2023-03-08T15:29:00Z,1.0,,56.0,2.0,9.0
217,Golden Gate Park - Section 6,8799521284584025481,drinking_water,1,0,0,0,37.76571257,-122.50068772,rec,POINT (-122.50068772 37.76571257),4.0,Golden Gate Park,2023-03-08,2023-03-08T15:29:00Z,12.0,234.0,9.0,8.0,4.0
218,Golden Gate Park - Section 4,6170016268480192283,drinking_water,1,0,0,0,37.77055198,-122.48012797,rec,POINT (-122.48012797 37.77055198),1.0,Golden Gate Park,2023-03-08,2023-03-08T15:29:00Z,12.0,232.0,9.0,8.0,4.0
219,Collis P. Huntington Park,6935885594250252375,drinking_water,1,0,0,0,37.79207322,-122.41236906,rec,POINT (-122.41236906 37.79207322),3.0,Nob Hill,2023-03-08,2023-03-08T15:29:00Z,21.0,83.0,16.0,6.0,3.0
220,Golden Gate Park - Section 6,8799521284584025481,restroom,0,0,0,0,37.76447883,-122.50494432,rec,POINT (-122.50494432 37.76447883),4.0,Golden Gate Park,2023-03-08,2023-03-08T15:29:00Z,12.0,234.0,9.0,8.0,4.0
221,Angelo J. Rossi Playground,2207155170251026602,drinking_water,1,0,0,0,37.77799189,-122.45768122,rec,POINT (-122.45768122 37.77799189),1.0,Lone Mountain/USF,2023-03-08,2023-03-08T15:29:00Z,18.0,204.0,12.0,8.0,4.0
222,Union Square,1862328560630035398,drinking_water,1,0,0,0,37.78787423,-122.40696416,rec,POINT (-122.40696416 37.78787423),3.0,Financial District/South Beach,2023-03-08,2023-03-08T15:29:00Z,8.0,5.0,19.0,6.0,3.0
223,Lower Great Highway,2779846454828783660,restroom,0,0,0,0,37.74137308,-122.50704387,rec,POINT (-122.50704387 37.74137308),4.0,Sunset/Parkside,2023-03-08,2023-03-08T15:29:00Z,35.0,20.0,39.0,10.0,7.0
224,19th & Alabama,2447204787546099701,drinking_water,0,1,1,0,37.760315,-122.412135,puc,POINT (-122.412135 37.760315),9.0,Mission,2023-03-08,2023-03-08T15:29:00Z,20.0,,53.0,3.0,2.0
225,Moscone Rec Center,6411078000601779573,restroom,0,0,0,0,37.80219698,-122.43461481,rec,POINT (-122.43461481 37.80219698),2.0,Marina,2023-03-08,2023-03-08T15:29:00Z,13.0,135.0,17.0,4.0,6.0
226,Margaret S.Hayward Playground,6183247756522780021,drinking_water,1,0,0,0,37.78125838,-122.4251805,rec,POINT (-122.4251805 37.78125838),5.0,Western Addition,2023-03-08,2023-03-08T15:29:00Z,39.0,140.0,100.0,4.0,11.0
227,Yacht Harbor and Marina Green,7761910724686902864,restroom,0,0,0,0,37.80670676,-122.44215859,rec,POINT (-122.44215859 37.80670676),2.0,Marina,2023-03-08,2023-03-08T15:29:00Z,13.0,90.0,17.0,4.0,6.0
228,Palega Playground,554641599873380642,drinking_water,1,0,0,0,37.7290478,-122.41022876,rec,POINT (-122.41022876 37.7290478),9.0,Portola,2023-03-08,2023-03-08T15:29:00Z,25.0,130.0,91.0,2.0,2.0
229,Alioto Mini Park,410195810252731064,drinking_water,1,0,0,0,37.75898886,-122.41821739,rec,POINT (-122.41821739 37.75898886),9.0,Mission,2023-03-08,2023-03-08T15:29:00Z,20.0,147.0,53.0,3.0,2.0
230,344 14th St.,2093142863690023456,restroom,0,0,0,0,37.7682576,-122.4210014,pit_stop,POINT (-122.4210014 37.7682576),9.0,Mission,2023-03-08,2023-03-08T15:29:00Z,20.0,,53.0,3.0,2.0
231,Youngblood-Coleman Playground,3768334776058442288,drinking_water,1,0,0,0,37.73918099,-122.38561322,rec,POINT (-122.38561322 37.73918099),10.0,Bayview Hunters Point,2023-03-08,2023-03-08T15:29:00Z,1.0,224.0,86.0,2.0,9.0
232,TNDC: Candlestick Block A,8119082390481302510,drinking_water,0,1,1,0,37.719071,-122.393147,puc,POINT (-122.393147 37.719071),10.0,Bayview Hunters Point,2023-03-08,2023-03-08T15:29:00Z,1.0,,88.0,2.0,9.0
233,Golden Gate Park - Section 1,6809243918520221532,drinking_water,1,0,0,0,37.76698984,-122.45331526,rec,POINT (-122.45331526 37.76698984),5.0,Golden Gate Park,2023-03-08,2023-03-08T15:29:00Z,12.0,229.0,9.0,7.0,11.0
234,Jose Coronado Playground,8490608740193645389,drinking_water,1,0,0,0,37.75767194,-122.4150853,rec,POINT (-122.4150853 37.75767194),9.0,Mission,2023-03-08,2023-03-08T15:29:00Z,20.0,181.0,53.0,3.0,2.0
235,Mountain Lake Park,4251616439565783958,drinking_water,1,0,0,0,37.7874885,-122.46840518,rec,POINT (-122.46840518 37.7874885),1.0,Inner Richmond,2023-03-08,2023-03-08T15:29:00Z,11.0,134.0,4.0,,6.0
236,Alamo Square,6959569036012888541,drinking_water,1,0,0,0,37.77636848,-122.43369437,rec,POINT (-122.43369437 37.77636848),5.0,Hayes Valley,2023-03-08,2023-03-08T15:29:00Z,9.0,67.0,23.0,4.0,11.0
237,Shoreview Park,3758888913228979167,drinking_water,1,0,0,0,37.73177418,-122.38124461,rec,POINT (-122.38124461 37.73177418),10.0,Bayview Hunters Point,2023-03-08,2023-03-08T15:29:00Z,1.0,201.0,86.0,2.0,9.0
238,Pier 27 Beltline Building,7267887821631352683,out_of_service,1,0,0,0,,,port,,,,2023-03-08,2023-03-08T15:29:00Z,,,,,
239,Father Alfred E. Boeddeker Park,8063825715053078081,drinking_water,1,0,0,0,37.78432803,-122.41219514,rec,POINT (-122.41219514 37.78432803),5.0,Tenderloin,2023-03-08,2023-03-08T15:29:00Z,36.0,162.0,20.0,5.0,10.0
240,Golden Gate Park - Section 5,6218325272602983271,drinking_water,1,0,0,0,37.77022742,-122.49550509,rec,POINT (-122.49550509 37.77022742),1.0,Golden Gate Park,2023-03-08,2023-03-08T15:29:00Z,12.0,233.0,9.0,8.0,4.0
241,SF SPCA,6928189952947179522,drinking_water,0,1,1,0,37.765617,-122.412366,puc,POINT (-122.412366 37.765617),9.0,Mission,2023-03-08,2023-03-08T15:29:00Z,20.0,,53.0,3.0,2.0
242,Sunnyside Playground,8135329547080825432,restroom,0,0,0,0,37.73389387,-122.44826465,rec,POINT (-122.44826465 37.73389387),7.0,West of Twin Peaks,2023-03-08,2023-03-08T15:29:00Z,41.0,222.0,95.0,9.0,8.0
243,200 Leavenworth St,5385327011882538150,restroom,0,0,0,0,37.783043,-122.4140649,pit_stop,POINT (-122.4140649 37.783043),5.0,Tenderloin,2023-03-08,2023-03-08T15:29:00Z,36.0,,20.0,5.0,10.0
244,Palega Playground,554641599873380642,drinking_water,1,0,0,0,37.72890204,-122.40967397,rec,POINT (-122.40967397 37.72890204),9.0,Portola,2023-03-08,2023-03-08T15:29:00Z,25.0,130.0,91.0,2.0,2.0
245,Mission Dolores Park,4639117197814467839,drinking_water,1,0,0,0,37.75946665,-122.42709257,rec,POINT (-122.42709257 37.75946665),8.0,Castro/Upper Market,2023-03-08,2023-03-08T15:29:00Z,5.0,213.0,37.0,3.0,5.0
246,Golden Gate Park - Section 3,4964708923013958658,restroom,0,0,0,0,37.76680021,-122.46834526,rec,POINT (-122.46834526 37.76680021),7.0,Golden Gate Park,2023-03-08,2023-03-08T15:29:00Z,12.0,231.0,9.0,8.0,11.0
247,Miraloma Playground,3434447048369702477,drinking_water,1,0,0,0,37.73909955,-122.44948027,rec,POINT (-122.44948027 37.73909955),7.0,West of Twin Peaks,2023-03-08,2023-03-08T15:29:00Z,41.0,136.0,72.0,9.0,8.0
248,Booker T Washington Community Center,3961536016987241368,drinking_water,0,1,0,0,37.78413,-122.446083,puc,POINT (-122.446083 37.78413),5.0,Presidio Heights,2023-03-08,2023-03-08T15:29:00Z,31.0,,103.0,8.0,11.0
249,McKinley Square,4834900561554929022,drinking_water,1,0,0,0,37.75910373,-122.40446258,rec,POINT (-122.40446258 37.75910373),10.0,Potrero Hill,2023-03-08,2023-03-08T15:29:00Z,26.0,60.0,54.0,2.0,9.0
250,George Christopher Playground,5896147016579609940,drinking_water,1,0,0,0,37.74424426,-122.44034754,rec,POINT (-122.44034754 37.74424426),8.0,Glen Park,2023-03-08,2023-03-08T15:29:00Z,10.0,168.0,57.0,9.0,5.0
251,Argonne Playground,3730480648958535714,drinking_water,1,0,0,0,37.77957573,-122.47775862,rec,POINT (-122.47775862 37.77957573),1.0,Outer Richmond,2023-03-08,2023-03-08T15:29:00Z,29.0,71.0,5.0,8.0,4.0
252,Yacht Harbor and Marina Green,7761910724686902864,restroom,0,0,0,0,37.80646105,-122.4345325,rec,POINT (-122.4345325 37.80646105),2.0,Marina,2023-03-08,2023-03-08T15:29:00Z,13.0,90.0,17.0,4.0,6.0
253,J.P. Murphy Playground,5770721695184792140,drinking_water,1,0,0,0,37.75154041,-122.46517657,rec,POINT (-122.46517657 37.75154041),7.0,Inner Sunset,2023-03-08,2023-03-08T15:29:00Z,14.0,178.0,45.0,10.0,8.0
254,Embarcadero Plaza (JCDecaux),1855925590564081494,restroom,0,0,0,0,37.7946278,-122.394598,pit_stop,POINT (-122.394598 37.7946278),3.0,Financial District/South Beach,2023-03-08,2023-03-08T15:29:00Z,8.0,58.0,108.0,6.0,3.0
255,Angelo J. Rossi Playground,2207155170251026602,restroom,0,0,0,0,37.77798344,-122.45765905,rec,POINT (-122.45765905 37.77798344),1.0,Lone Mountain/USF,2023-03-08,2023-03-08T15:29:00Z,18.0,204.0,12.0,8.0,4.0
256,Golden Gate Park - Section 5,6218325272602983271,drinking_water,1,0,0,0,37.77162903,-122.49512297,rec,POINT (-122.49512297 37.77162903),1.0,Golden Gate Park,2023-03-08,2023-03-08T15:29:00Z,12.0,233.0,9.0,8.0,4.0
257,24th & Mission,2599759550272697651,drinking_water,0,1,1,0,37.752333,-122.418141,puc,POINT (-122.418141 37.752333),9.0,Mission,2023-03-08,2023-03-08T15:29:00Z,20.0,,53.0,3.0,2.0
258,Margaret S.Hayward Playground,6183247756522780021,drinking_water,1,0,0,0,37.78078047,-122.42680235,rec,POINT (-122.42680235 37.78078047),5.0,Western Addition,2023-03-08,2023-03-08T15:29:00Z,39.0,140.0,100.0,4.0,11.0
259,Palace of Fine Arts,6271010963659229503,drinking_water,1,0,0,0,37.80168236,-122.44789925,rec,POINT (-122.44789925 37.80168236),2.0,Marina,2023-03-08,2023-03-08T15:29:00Z,13.0,21.0,17.0,4.0,6.0
260,Parque Ninos Unidos,1084870256219315580,drinking_water,1,0,0,0,37.75438525,-122.41380597,rec,POINT (-122.41380597 37.75438525),9.0,Mission,2023-03-08,2023-03-08T15:29:00Z,20.0,129.0,53.0,3.0,2.0
261,Willie Woo Woo Wong Playground,3627932914298100031,drinking_water,1,0,0,0,37.79361887,-122.40704916,rec,POINT (-122.40704916 37.79361887),3.0,Chinatown,2023-03-08,2023-03-08T15:29:00Z,6.0,92.0,104.0,6.0,3.0
262,Margaret S.Hayward Playground,6183247756522780021,drinking_water,1,0,0,0,37.78071968,-122.42685193,rec,POINT (-122.42685193 37.78071968),5.0,Western Addition,2023-03-08,2023-03-08T15:29:00Z,39.0,140.0,100.0,4.0,11.0
263,Lessing & Sears Mini Park,5345415778062975156,drinking_water,1,0,0,0,37.70862863,-122.45543913,rec,POINT (-122.45543913 37.70862863),11.0,Outer Mission,2023-03-08,2023-03-08T15:29:00Z,28.0,35.0,66.0,9.0,1.0
264,Alta Plaza Park,2241215992070893956,restroom,0,0,0,0,37.79124135,-122.43815491,rec,POINT (-122.43815491 37.79124135),2.0,Pacific Heights,2023-03-08,2023-03-08T15:29:00Z,30.0,149.0,102.0,4.0,6.0
265,Great Highway near Beach Chalet,5905501385590634738,restroom,0,0,0,0,37.7675953,-122.5107794,pit_stop,POINT (-122.5107794 37.7675953),4.0,Golden Gate Park,2023-03-08,2023-03-08T15:29:00Z,12.0,20.0,9.0,8.0,4.0
266,Washington Square,5386547074523041759,drinking_water,1,0,0,0,37.80051842,-122.40977497,rec,POINT (-122.40977497 37.80051842),3.0,North Beach,2023-03-08,2023-03-08T15:29:00Z,23.0,94.0,106.0,6.0,3.0
267,Mountain Lake Park,4251616439565783958,restroom,0,0,0,0,37.78697325,-122.47175634,rec,POINT (-122.47175634 37.78697325),1.0,Inner Richmond,2023-03-08,2023-03-08T15:29:00Z,11.0,134.0,4.0,,6.0
268,Douglass Playground,5578072315167653993,drinking_water,1,0,0,0,37.74791286,-122.43838861,rec,POINT (-122.43838861 37.74791286),8.0,Noe Valley,2023-03-08,2023-03-08T15:29:00Z,22.0,206.0,57.0,3.0,5.0
269,6th and Natoma streets,6802133843988071090,restroom,0,0,0,0,37.780182,-122.4077046,pit_stop,POINT (-122.4077046 37.780182),6.0,South of Market,2023-03-08,2023-03-08T15:29:00Z,34.0,,32.0,1.0,10.0
270,Cabrillo Playground,1438954292253289309,drinking_water,1,0,0,0,37.77296905,-122.49899506,rec,POINT (-122.49899506 37.77296905),1.0,Outer Richmond,2023-03-08,2023-03-08T15:29:00Z,29.0,81.0,8.0,8.0,4.0
271,Golden Gate Park - Section 1,6809243918520221532,drinking_water,1,0,0,0,37.76624071,-122.45577565,rec,POINT (-122.45577565 37.76624071),5.0,Golden Gate Park,2023-03-08,2023-03-08T15:29:00Z,12.0,229.0,9.0,7.0,11.0
