name,uid,resource_type,water_fountain,bottle_filler,jug_filler,dog_fountain,latitude,longitude,data_source,point,supervisor_district,analysis_neighborhood,data_as_of,data_loaded_at,Analysis Neighborhoods,Recreation and Parks Properties,Neighborhoods,Current Police Districts,Current Supervisor Districts
St. Mary's Square,2773694353532228764,restroom,0,0,0,0,37.7917148,-122.4050789,rec,POINT (-122.4050789 37.7917148),3,Financial District/South Beach,2023-03-08,2023-03-08T15:29:00Z,8,108,104,6,3
Palega Playground,554641599873380642,drinking_water,1,0,0,0,37.72936532,-122.40966414,rec,POINT (-122.40966414 37.72936532),9,Portola,2023-03-08,2023-03-08T15:29:00Z,25,130,91,2,2
McCoppin Square,1509436752478679569,drinking_water,1,0,0,0,37.74335886,-122.48071011,rec,POINT (-122.48071011 37.74335886),4,Sunset/Parkside,2023-03-08,2023-03-08T15:29:00Z,35,139,40,10,7
West Sunset Playground,7394643088409434148,drinking_water,1,0,0,0,37.75081461,-122.49830886,rec,POINT (-122.49830886 37.75081461),4,Sunset/Parkside,2023-03-08,2023-03-08T15:29:00Z,35,93,39,10,7
Golden Gate Park - Section 5,6218325272602983271,drinking_water,1,0,0,0,37.77132558,-122.49902721,rec,POINT (-122.49902721 37.77132558),1,Golden Gate Park,2023-03-08,2023-03-08T15:29:00Z,12,233,9,8,4
,8817975702393619368,restroom,0,0,0,0,37.71408478,-122.42330327,rec,POINT (-122.42330327 37.71408478),10,McLaren Park,2023-03-08,2023-03-08T15:29:00Z,19,,73,9,9
24th and Mission (JCDecaux),7281076794307575995,restroom,0,0,0,0,37.7521752,-122.4185771,pit_stop,POINT (-122.4185771 37.7521752),9,Mission,2023-03-08,2023-03-08T15:29:00Z,20,,53,3,2
Noe Valley Courts,7029988507837525942,drinking_water,1,0,0,0,37.75123798,-122.43898765,rec,POINT (-122.43898765 37.75123798),8,Noe Valley,2023-03-08,2023-03-08T15:29:00Z,22,132,51,3,5
Golden Gate Park - Section 6,8799521284584025481,drinking_water,1,0,0,0,37.76679915,-122.50817339,rec,POINT (-122.50817339 37.76679915),4,Golden Gate Park,2023-03-08,2023-03-08T15:29:00Z,12,234,9,8,4
,8817975702393619368,restroom,0,0,0,0,37.80189573,-122.4139387,rec,POINT (-122.4139387 37.80189573),3,Russian Hill,2023-03-08,2023-03-08T15:29:00Z,32,,107,6,3
Gilman Playground,4279471113896791598,drinking_water,1,0,0,0,37.71732023,-122.3871657,rec,POINT (-122.3871657 37.71732023),10,Bayview Hunters Point,2023-03-08,2023-03-08T15:29:00Z,1,169,88,2,9
Alta Plaza Park,2241215992070893956,drinking_water,1,0,0,0,37.79117799,-122.43716113,rec,POINT (-122.43716113 37.79117799),2,Pacific Heights,2023-03-08,2023-03-08T15:29:00Z,30,149,102,4,6
States Street Playground,1226215836415782389,restroom,0,0,0,0,37.76376474,-122.43856948,rec,POINT (-122.43856948 37.76376474),8,Castro/Upper Market,2023-03-08,2023-03-08T15:29:00Z,5,107,113,7,5
Joseph L. Alioto Performing Arts Piazza,1121675889758828519,drinking_water,1,0,0,0,37.77989802,-122.4172927,rec,POINT (-122.4172927 37.77989802),5,Tenderloin,2023-03-08,2023-03-08T15:29:00Z,36,57,21,4,10
Helen Wills Playground,1518179830506757776,drinking_water,1,0,0,0,37.79571325,-122.42046723,rec,POINT (-122.42046723 37.79571325),3,Russian Hill,2023-03-08,2023-03-08T15:29:00Z,32,175,105,4,3
16th and Capp streets   TEMPORARILY CLOSED,6219708960125226485,restroom,0,0,0,0,37.7651596,-122.4187982,pit_stop,POINT (-122.4187982 37.7651596),9,Mission,2023-03-08,2023-03-08T15:29:00Z,20,,53,3,2
Golden Gate Park - Section 5,6218325272602983271,restroom,0,0,0,0,37.76952981,-122.48469261,rec,POINT (-122.48469261 37.76952981),4,Golden Gate Park,2023-03-08,2023-03-08T15:29:00Z,12,233,9,8,4
Sunset Rec Center,3142068490630731138,drinking_water,1,0,0,0,37.75683512,-122.48689079,rec,POINT (-122.48689079 37.75683512),4,Sunset/Parkside,2023-03-08,2023-03-08T15:29:00Z,35,105,39,10,7
Buena Vista Avenue East & Haight Street,5573892709891802927,restroom,0,0,0,0,37.7708518,-122.4403874,pit_stop,POINT (-122.4403874 37.7708518),5,Haight Ashbury,2023-03-08,2023-03-08T15:29:00Z,3,,112,7,11
Victoria Manalo Draves Park (Rec Park),221747607211983534,restroom,0,0,0,0,37.7767602,-122.4060242,pit_stop,POINT (-122.4060242 37.7767602),6,South of Market,2023-03-08,2023-03-08T15:29:00Z,34,98,32,1,10
Fulton Playground,2431148630494119459,drinking_water,1,0,0,0,37.77352288,-122.48697439,rec,POINT (-122.48697439 37.77352288),1,Outer Richmond,2023-03-08,2023-03-08T15:29:00Z,29,210,8,8,4
Golden Gate Park - Section 7,7708155196457707211,drinking_water,1,0,0,0,37.76916936,-122.45877021,rec,POINT (-122.45877021 37.76916936),7,Golden Gate Park,2023-03-08,2023-03-08T15:29:00Z,12,228,9,7,11
West Portal Playground,5278295398742666438,drinking_water,1,0,0,0,37.74173372,-122.46516693,rec,POINT (-122.46516693 37.74173372),7,West of Twin Peaks,2023-03-08,2023-03-08T15:29:00Z,41,223,46,10,8
St. Mary's Rec Center,2831681459449739072,restroom,0,0,0,0,37.7335634,-122.42139728,rec,POINT (-122.42139728 37.7335634),9,Bernal Heights,2023-03-08,2023-03-08T15:29:00Z,2,109,93,9,2
Mechanics Plaza at Battery/Market,4010859251661602629,drinking_water,0,1,0,0,37.79129,-122.399052,puc,POINT (-122.399052 37.79129),3,Financial District/South Beach,2023-03-08,2023-03-08T15:29:00Z,8,,108,6,3
Golden Gate Park - Section 5,6218325272602983271,drinking_water,1,0,0,0,37.7694843,-122.4847645,rec,POINT (-122.4847645 37.7694843),4,Golden Gate Park,2023-03-08,2023-03-08T15:29:00Z,12,233,9,8,4
Mountain Lake Park,4251616439565783958,drinking_water,1,0,0,0,37.78696692,-122.46778648,rec,POINT (-122.46778648 37.78696692),1,Inner Richmond,2023-03-08,2023-03-08T15:29:00Z,11,134,4,,6
474 O'Farrell Street,5601879945750936299,restroom,0,0,0,0,37.7858991,-122.4119361,pit_stop,POINT (-122.4119361 37.7858991),5,Tenderloin,2023-03-08,2023-03-08T15:29:00Z,36,,20,5,10
Community Youth Center,3575271813702956970,drinking_water,0,1,0,0,37.78702,-122.419028,puc,POINT (-122.419028 37.78702),3,Nob Hill,2023-03-08,2023-03-08T15:29:00Z,21,,50,4,3
Golden Gate Park - Section 6,8799521284584025481,drinking_water,1,0,0,0,37.76717876,-122.50798028,rec,POINT (-122.50798028 37.76717876),4,Golden Gate Park,2023-03-08,2023-03-08T15:29:00Z,12,234,9,8,4
Stanyan and Waller streets (JCDecaux),3881244056408532343,restroom,0,0,0,0,37.7682426,-122.4534175,pit_stop,POINT (-122.4534175 37.7682426),5,Golden Gate Park,2023-03-08,2023-03-08T15:29:00Z,12,,9,7,11
Golden Gate Park - Section 1,6809243918520221532,drinking_water,1,0,0,0,37.77269076,-122.4551895,rec,POINT (-122.4551895 37.77269076),1,Golden Gate Park,2023-03-08,2023-03-08T15:29:00Z,12,229,9,7,4
Washington Square,5386547074523041759,restroom,0,0,0,0,37.8010607,-122.41064148,rec,POINT (-122.41064148 37.8010607),3,North Beach,2023-03-08,2023-03-08T15:29:00Z,23,94,106,6,3
Lower Great Highway,2779846454828783660,restroom,0,0,0,0,37.76023995,-122.50955372,rec,POINT (-122.50955372 37.76023995),4,Sunset/Parkside,2023-03-08,2023-03-08T15:29:00Z,35,20,39,10,7
Noe Valley Courts,7029988507837525942,restroom,0,0,0,0,37.75148373,-122.43920333,rec,POINT (-122.43920333 37.75148373),8,Noe Valley,2023-03-08,2023-03-08T15:29:00Z,22,132,51,3,5
Parkside Square,4331392490837902930,drinking_water,1,0,0,0,37.73787439,-122.48462486,rec,POINT (-122.48462486 37.73787439),4,Sunset/Parkside,2023-03-08,2023-03-08T15:29:00Z,35,217,40,10,7
Excelsior Playground,6088569207447809868,drinking_water,1,0,0,0,37.72007917,-122.43379905,rec,POINT (-122.43379905 37.72007917),11,Excelsior,2023-03-08,2023-03-08T15:29:00Z,7,161,90,9,1
Pier 14,760719995364998060,drinking_water,1,1,0,0,37.793789,-122.392106,port,POINT (-122.392106 37.793789),6,Financial District/South Beach,2023-03-08,2023-03-08T15:29:00Z,8,,108,1,10
Michelangelo Playground,7384056565533913918,drinking_water,1,0,0,0,37.80117348,-122.41698043,rec,POINT (-122.41698043 37.80117348),3,Russian Hill,2023-03-08,2023-03-08T15:29:00Z,32,137,107,6,6
Eddy St. and Jones St.,5781725755408126527,restroom,0,0,0,0,37.7841238,-122.4122697,pit_stop,POINT (-122.4122697 37.7841238),5,Tenderloin,2023-03-08,2023-03-08T15:29:00Z,36,162,20,5,10
Golden Gate Park - Section 3,4964708923013958658,restroom,0,0,0,0,37.77259668,-122.46077554,rec,POINT (-122.46077554 37.77259668),1,Golden Gate Park,2023-03-08,2023-03-08T15:29:00Z,12,231,9,7,4
Merced Heights Playground,5714191605765301439,drinking_water,1,0,0,0,37.71766522,-122.4700903,rec,POINT (-122.4700903 37.71766522),11,Oceanview/Merced/Ingleside,2023-03-08,2023-03-08T15:29:00Z,24,138,65,10,1
Glide Memorial,5163727995885862566,drinking_water,0,1,1,0,37.78512,-122.411443,puc,POINT (-122.411443 37.78512),5,Tenderloin,2023-03-08,2023-03-08T15:29:00Z,36,,20,5,10
Palega Playground,554641599873380642,drinking_water,1,0,0,0,37.72927918,-122.40968938,rec,POINT (-122.40968938 37.72927918),9,Portola,2023-03-08,2023-03-08T15:29:00Z,25,130,91,2,2
Upper Noe Rec Center,3743241463504969307,drinking_water,1,0,0,0,37.74272463,-122.42700808,rec,POINT (-122.42700808 37.74272463),8,Noe Valley,2023-03-08,2023-03-08T15:29:00Z,22,100,84,9,5
Corona Heights Park,4514408095122533218,drinking_water,1,0,0,0,37.7653027,-122.44026421,rec,POINT (-122.44026421 37.7653027),8,Castro/Upper Market,2023-03-08,2023-03-08T15:29:00Z,5,202,113,7,5
Glen Canyon Park,2107234989712530644,drinking_water,1,0,0,0,37.73663137,-122.44060334,rec,POINT (-122.44060334 37.73663137),8,Glen Park,2023-03-08,2023-03-08T15:29:00Z,10,239,96,9,5
Douglass Playground,5578072315167653993,restroom,0,0,0,0,37.74627823,-122.43966856,rec,POINT (-122.43966856 37.74627823),8,Noe Valley,2023-03-08,2023-03-08T15:29:00Z,22,206,57,3,5
,8817975702393619368,drinking_water,1,0,0,0,37.78658959,-122.39430126,rec,POINT (-122.39430126 37.78658959),6,Financial District/South Beach,2023-03-08,2023-03-08T15:29:00Z,8,,30,1,10
Holly Park,8335222720363753276,restroom,0,0,0,0,37.73711767,-122.42057325,rec,POINT (-122.42057325 37.73711767),9,Bernal Heights,2023-03-08,2023-03-08T15:29:00Z,2,47,61,9,2
Minnie and Lovie Rec Center,6941931346616109343,drinking_water,1,0,0,0,37.71510852,-122.45622907,rec,POINT (-122.45622907 37.71510852),11,Oceanview/Merced/Ingleside,2023-03-08,2023-03-08T15:29:00Z,24,89,81,10,1
388 Ellis St.   Tenderloin Pit Stop Daily,4343160334641664872,restroom,0,0,0,0,37.7850978,-122.4125547,pit_stop,POINT (-122.4125547 37.7850978),5,Tenderloin,2023-03-08,2023-03-08T15:29:00Z,36,,20,5,10
Cottage Row Mini Park,6381947528447111567,drinking_water,1,0,0,0,37.78640627,-122.43225925,rec,POINT (-122.43225925 37.78640627),5,Pacific Heights,2023-03-08,2023-03-08T15:29:00Z,30,157,101,4,11
South Sunset Playground,1587063322310935668,drinking_water,1,0,0,0,37.7379974,-122.49832049,rec,POINT (-122.49832049 37.7379974),4,Sunset/Parkside,2023-03-08,2023-03-08T15:29:00Z,35,110,40,10,7
Shanti Project,2426436033216087414,drinking_water,0,1,1,0,37.783718,-122.419224,puc,POINT (-122.419224 37.783718),5,Tenderloin,2023-03-08,2023-03-08T15:29:00Z,36,,20,4,10
Mendell Plaza   Bayview Pit Stop Daily,897319470345964542,restroom,0,0,0,0,37.7340389,-122.3908134,pit_stop,POINT (-122.3908134 37.7340389),10,Bayview Hunters Point,2023-03-08,2023-03-08T15:29:00Z,1,,86,2,9
Golden Gate Park - Section 6,8799521284584025481,restroom,0,0,0,0,37.7679705,-122.50180555,rec,POINT (-122.50180555 37.7679705),1,Golden Gate Park,2023-03-08,2023-03-08T15:29:00Z,12,234,9,8,4
Tenderloin Recreation Center,206870895537627156,drinking_water,1,0,0,0,37.7847946,-122.41546384,rec,POINT (-122.41546384 37.7847946),5,Tenderloin,2023-03-08,2023-03-08T15:29:00Z,36,103,20,5,10
Hilltop Park,5266853380894405697,drinking_water,0,1,1,0,37.73328,-122.38366,puc,POINT (-122.38366 37.73328),10,Bayview Hunters Point,2023-03-08,2023-03-08T15:29:00Z,1,,86,2,9
Golden Gate Park - Section 4,6170016268480192283,drinking_water,1,0,0,0,37.77201183,-122.47113451,rec,POINT (-122.47113451 37.77201183),1,Golden Gate Park,2023-03-08,2023-03-08T15:29:00Z,12,232,9,8,4
Glen Canyon Park,2107234989712530644,drinking_water,1,0,0,0,37.73654768,-122.44077523,rec,POINT (-122.44077523 37.73654768),8,Glen Park,2023-03-08,2023-03-08T15:29:00Z,10,239,96,9,5
Earl’s Organic,5106290751104947072,drinking_water,0,1,1,0,37.744233,-122.398524,puc,POINT (-122.398524 37.744233),10,Bayview Hunters Point,2023-03-08,2023-03-08T15:29:00Z,1,,85,2,9
Eureka Valley Rec Center,5072124464803258922,drinking_water,1,0,0,0,37.75991077,-122.4362795,rec,POINT (-122.4362795 37.75991077),8,Castro/Upper Market,2023-03-08,2023-03-08T15:29:00Z,5,208,38,3,5
Presidio Heights Playground,5271140156822696650,drinking_water,1,0,0,0,37.78852676,-122.44978261,rec,POINT (-122.44978261 37.78852676),2,Presidio Heights,2023-03-08,2023-03-08T15:29:00Z,31,125,10,8,6
Golden Gate Park - Section 1,6809243918520221532,drinking_water,1,0,0,0,37.77273326,-122.45793152,rec,POINT (-122.45793152 37.77273326),1,Golden Gate Park,2023-03-08,2023-03-08T15:29:00Z,12,229,9,7,4
Francisco Park,7566119450437207717,restroom,0,0,0,0,37.80356263,-122.42126977,rec,POINT (-122.42126977 37.80356263),2,Russian Hill,2023-03-08,2023-03-08T15:29:00Z,32,193,107,6,6
Mission Playground,4376923903940484698,drinking_water,1,0,0,0,37.75959003,-122.42272716,rec,POINT (-122.42272716 37.75959003),9,Mission,2023-03-08,2023-03-08T15:29:00Z,20,214,37,3,5
Joseph L. Alioto Performing Arts Piazza,1121675889758828519,drinking_water,1,0,0,0,37.77916054,-122.41720821,rec,POINT (-122.41720821 37.77916054),5,Tenderloin,2023-03-08,2023-03-08T15:29:00Z,36,57,21,4,10
Lafayette Park,93632238906721509,drinking_water,1,0,0,0,37.79100922,-122.42733069,rec,POINT (-122.42733069 37.79100922),2,Pacific Heights,2023-03-08,2023-03-08T15:29:00Z,30,212,102,4,6
Potrero Hill Rec Center,914116007433839616,drinking_water,1,0,0,0,37.75609116,-122.39682454,rec,POINT (-122.39682454 37.75609116),10,Potrero Hill,2023-03-08,2023-03-08T15:29:00Z,26,64,54,2,9
U.N. Plaza (JCDecaux)   Mid Market Pit Stop Daily,2769713894485467610,restroom,0,0,0,0,37.7801432,-122.4130822,pit_stop,POINT (-122.4130822 37.7801432),5,Tenderloin,2023-03-08,2023-03-08T15:29:00Z,36,,21,5,10
3100 26th Street,2016930850356890330,restroom,0,0,0,0,37.749447,-122.4116183,pit_stop,POINT (-122.4116183 37.749447),9,Mission,2023-03-08,2023-03-08T15:29:00Z,20,,53,3,2
The Ferry Building,6345506553776018279,drinking_water,1,1,0,0,37.79542,-122.39363,port,POINT (-122.39363 37.79542),3,Financial District/South Beach,2023-03-08,2023-03-08T15:29:00Z,8,,108,6,3
Crocker Amazon Playground,2435568120723313055,drinking_water,1,0,0,0,37.713786,-122.42992586,rec,POINT (-122.42992586 37.713786),11,Excelsior,2023-03-08,2023-03-08T15:29:00Z,7,158,58,9,1
Golden Gate Heights Park,5847093041834995725,drinking_water,1,0,0,0,37.75014094,-122.46852366,rec,POINT (-122.46852366 37.75014094),7,Inner Sunset,2023-03-08,2023-03-08T15:29:00Z,14,48,44,10,8
Hilltop Park,5266853380894405697,restroom,0,0,0,0,37.73306554,-122.38256487,rec,POINT (-122.38256487 37.73306554),10,Bayview Hunters Point,2023-03-08,2023-03-08T15:29:00Z,1,120,86,2,9
Sunnyside Conservatory,6526956823029595609,drinking_water,1,0,0,0,37.73193324,-122.44072734,rec,POINT (-122.44072734 37.73193324),7,West of Twin Peaks,2023-03-08,2023-03-08T15:29:00Z,41,106,95,9,8
Portsmouth Square,6740425421970699303,drinking_water,1,0,0,0,37.79507948,-122.40537145,rec,POINT (-122.40537145 37.79507948),3,Chinatown,2023-03-08,2023-03-08T15:29:00Z,6,127,104,6,3
St. Mary's Rec Center,2831681459449739072,drinking_water,1,0,0,0,37.73294241,-122.42103915,rec,POINT (-122.42103915 37.73294241),9,Bernal Heights,2023-03-08,2023-03-08T15:29:00Z,2,109,93,9,2
Golden Gate Park - Section 7,7708155196457707211,restroom,0,0,0,0,37.76818302,-122.45891024,rec,POINT (-122.45891024 37.76818302),7,Golden Gate Park,2023-03-08,2023-03-08T15:29:00Z,12,228,9,7,11
Balboa Park,5104072779848174871,restroom,0,0,0,0,37.7251441,-122.44551726,rec,POINT (-122.44551726 37.7251441),11,Outer Mission,2023-03-08,2023-03-08T15:29:00Z,28,76,94,9,1
Adam Rodgers Park,1080250236324111795,restroom,0,0,0,0,37.73087893,-122.38372074,rec,POINT (-122.38372074 37.73087893),10,Bayview Hunters Point,2023-03-08,2023-03-08T15:29:00Z,1,146,86,2,9
Myrtle and Larkin streets (JCDecaux),2036881255296904282,restroom,0,0,0,0,37.7855716,-122.4180901,pit_stop,POINT (-122.4180901 37.7855716),5,Tenderloin,2023-03-08,2023-03-08T15:29:00Z,36,113,20,5,10
Alice Chalmers Playground,3141016569795048395,drinking_water,1,0,0,0,37.70975093,-122.44677245,rec,POINT (-122.44677245 37.70975093),11,Excelsior,2023-03-08,2023-03-08T15:29:00Z,7,68,58,9,1
Raymond Kimball Playground,4398727798151847140,drinking_water,1,0,0,0,37.78248303,-122.43557489,rec,POINT (-122.43557489 37.78248303),5,Western Addition,2023-03-08,2023-03-08T15:29:00Z,39,123,97,4,11
Telegraph Hill - Pioneer Park,4319864457267319582,drinking_water,1,0,0,0,37.80226523,-122.40593129,rec,POINT (-122.40593129 37.80226523),3,North Beach,2023-03-08,2023-03-08T15:29:00Z,23,227,18,6,3
Palega Playground,554641599873380642,drinking_water,1,0,0,0,37.72924873,-122.40980624,rec,POINT (-122.40980624 37.72924873),9,Portola,2023-03-08,2023-03-08T15:29:00Z,25,130,91,2,2
Pier 7,8096256367090940691,drinking_water,1,1,0,0,37.79897,-122.39703,port,POINT (-122.39703 37.79897),3,Financial District/South Beach,2023-03-08,2023-03-08T15:29:00Z,8,,77,6,3
Golden Gate Park - Section 4,6170016268480192283,restroom,0,0,0,0,37.76637374,-122.47668262,rec,POINT (-122.47668262 37.76637374),7,Golden Gate Park,2023-03-08,2023-03-08T15:29:00Z,12,232,9,8,4
John McLaren Park,4276690586920497721,restroom,0,0,0,0,37.71412965,-122.42327793,rec,POINT (-122.42327793 37.71412965),10,McLaren Park,2023-03-08,2023-03-08T15:29:00Z,19,7,73,9,9
Grattan Playground,1042787867992739246,drinking_water,1,0,0,0,37.76261499,-122.45168928,rec,POINT (-122.45168928 37.76261499),8,Haight Ashbury,2023-03-08,2023-03-08T15:29:00Z,3,172,114,7,11
Duboce Park,8886716724462518672,drinking_water,1,0,0,0,37.76940827,-122.43347772,rec,POINT (-122.43347772 37.76940827),8,Haight Ashbury,2023-03-08,2023-03-08T15:29:00Z,3,159,28,7,5
Margaret S.Hayward Playground,6183247756522780021,restroom,0,0,0,0,37.78074365,-122.42668916,rec,POINT (-122.42668916 37.78074365),5,Western Addition,2023-03-08,2023-03-08T15:29:00Z,39,140,100,4,11
Patricia's Green in Hayes Valley,3361452970464656774,drinking_water,1,0,0,0,37.77594165,-122.42444106,rec,POINT (-122.42444106 37.77594165),5,Hayes Valley,2023-03-08,2023-03-08T15:29:00Z,9,189,22,4,11
Yacht Harbor and Marina Green,7761910724686902864,restroom,0,0,0,0,37.80664933,-122.44254125,rec,POINT (-122.44254125 37.80664933),,Marina,2023-03-08,2023-03-08T15:29:00Z,13,90,17,4,6
Carl Larsen Park,3819247075119379493,restroom,0,0,0,0,37.73945885,-122.47604415,rec,POINT (-122.47604415 37.73945885),4,Sunset/Parkside,2023-03-08,2023-03-08T15:29:00Z,35,154,40,10,7
Mission Rec Center,6090540971816192510,drinking_water,1,0,0,0,37.75812351,-122.4130488,rec,POINT (-122.4130488 37.75812351),9,Mission,2023-03-08,2023-03-08T15:29:00Z,20,215,53,3,2
Hallidie Plaza (JCDecaux),6069116949746546373,restroom,0,0,0,0,37.7844142,-122.4077797,pit_stop,POINT (-122.4077797 37.7844142),3,Tenderloin,2023-03-08,2023-03-08T15:29:00Z,36,,19,5,3
3rd and Clement,2353041988599802789,drinking_water,0,1,0,0,37.783196,-122.461368,puc,POINT (-122.461368 37.783196),1,Inner Richmond,2023-03-08,2023-03-08T15:29:00Z,11,,5,8,4
Judah and La Playa streets (Rec Park),908664278546294335,restroom,0,0,0,0,37.7603081,-122.5091618,pit_stop,POINT (-122.5091618 37.7603081),4,Sunset/Parkside,2023-03-08,2023-03-08T15:29:00Z,35,,39,10,7
Balboa Park,5104072779848174871,drinking_water,1,0,0,0,37.72581815,-122.44332779,rec,POINT (-122.44332779 37.72581815),11,Outer Mission,2023-03-08,2023-03-08T15:29:00Z,28,76,94,9,1
Golden Gate Park - Section 6,8799521284584025481,drinking_water,1,0,0,0,37.76735036,-122.50799499,rec,POINT (-122.50799499 37.76735036),4,Golden Gate Park,2023-03-08,2023-03-08T15:29:00Z,12,234,9,8,4
Heron's Head Park,797741572696973161,drinking_water,1,1,0,1,37.740119,-122.37597,port,POINT (-122.37597 37.740119),10,Bayview Hunters Point,2023-03-08,2023-03-08T15:29:00Z,1,,56,2,9
Mountain Lake Park,4251616439565783958,drinking_water,1,0,0,0,37.78696666,-122.46791833,rec,POINT (-122.46791833 37.78696666),1,Inner Richmond,2023-03-08,2023-03-08T15:29:00Z,11,134,4,,6
Lafayette Park,93632238906721509,drinking_water,1,0,0,0,37.79130919,-122.42860641,rec,POINT (-122.42860641 37.79130919),2,Pacific Heights,2023-03-08,2023-03-08T15:29:00Z,30,212,102,4,6
Hayes Valley Playground,8715421085735745893,drinking_water,1,0,0,0,37.77606455,-122.42739973,rec,POINT (-122.42739973 37.77606455),5,Hayes Valley,2023-03-08,2023-03-08T15:29:00Z,9,174,22,4,11
Sgt. John Macaulay Park,1782788959639092500,drinking_water,1,0,0,0,37.78538204,-122.41823489,rec,POINT (-122.41823489 37.78538204),5,Tenderloin,2023-03-08,2023-03-08T15:29:00Z,36,113,20,5,10
Taylor and Turk streets,5392283402503280394,restroom,0,0,0,0,37.7832058,-122.4108252,pit_stop,POINT (-122.4108252 37.7832058),5,Tenderloin,2023-03-08,2023-03-08T15:29:00Z,36,,20,5,10
Mission Dolores Park,4639117197814467839,restroom,0,0,0,0,37.76079073,-122.42773624,rec,POINT (-122.42773624 37.76079073),8,Castro/Upper Market,2023-03-08,2023-03-08T15:29:00Z,5,213,37,3,5
Merced Heights Playground,5714191605765301439,drinking_water,1,0,0,0,37.71747646,-122.47037098,rec,POINT (-122.47037098 37.71747646),11,Oceanview/Merced/Ingleside,2023-03-08,2023-03-08T15:29:00Z,24,138,65,10,1
Noe Valley Courts,7029988507837525942,drinking_water,1,0,0,0,37.75145174,-122.43893273,rec,POINT (-122.43893273 37.75145174),8,Noe Valley,2023-03-08,2023-03-08T15:29:00Z,22,132,51,3,5
Golden Gate Park - Section 7,7708155196457707211,restroom,0,0,0,0,37.76853064,-122.46536326,rec,POINT (-122.46536326 37.76853064),7,Golden Gate Park,2023-03-08,2023-03-08T15:29:00Z,12,228,9,8,11
Market and Castro streets (JCDecaux),4729745566184377685,restroom,0,0,0,0,37.7627732,-122.4348053,pit_stop,POINT (-122.4348053 37.7627732),8,Castro/Upper Market,2023-03-08,2023-03-08T15:29:00Z,5,,38,3,5
South Beach Harbor,5535662967239792186,drinking_water,1,1,0,1,37.7803467,-122.3877,port,POINT (-122.3877 37.7803467),6,Mission Bay,2023-03-08,2023-03-08T15:29:00Z,4,,31,1,10
John McLaren Park,4276690586920497721,drinking_water,1,0,0,0,37.71923463,-122.4128197,rec,POINT (-122.4128197 37.71923463),9,McLaren Park,2023-03-08,2023-03-08T15:29:00Z,19,7,73,9,2
Golden Gate Park - Section 1,6809243918520221532,drinking_water,1,0,0,0,37.76698614,-122.45331627,rec,POINT (-122.45331627 37.76698614),5,Golden Gate Park,2023-03-08,2023-03-08T15:29:00Z,12,229,9,7,11
Yacht Harbor and Marina Green,7761910724686902864,restroom,0,0,0,0,37.80660485,-122.44271638,rec,POINT (-122.44271638 37.80660485),,Marina,2023-03-08,2023-03-08T15:29:00Z,13,90,17,4,6
Sunnyside Playground,8135329547080825432,drinking_water,1,0,0,0,37.73385133,-122.44818601,rec,POINT (-122.44818601 37.73385133),7,West of Twin Peaks,2023-03-08,2023-03-08T15:29:00Z,41,222,95,9,8
Golden Gate Park - Section 1,6809243918520221532,drinking_water,1,0,0,0,37.76828383,-122.45470498,rec,POINT (-122.45470498 37.76828383),5,Golden Gate Park,2023-03-08,2023-03-08T15:29:00Z,12,229,9,7,11
Golden Gate Park - Section 6,8799521284584025481,drinking_water,1,0,0,0,37.76453033,-122.50498243,rec,POINT (-122.50498243 37.76453033),4,Golden Gate Park,2023-03-08,2023-03-08T15:29:00Z,12,234,9,8,4
Mountain Lake Park,4251616439565783958,drinking_water,1,0,0,0,37.78685001,-122.47041585,rec,POINT (-122.47041585 37.78685001),1,Inner Richmond,2023-03-08,2023-03-08T15:29:00Z,11,134,4,,6
John McLaren Park,4276690586920497721,restroom,0,0,0,0,37.7208576,-122.41690725,rec,POINT (-122.41690725 37.7208576),9,McLaren Park,2023-03-08,2023-03-08T15:29:00Z,19,7,73,9,2
John McLaren Park,4276690586920497721,drinking_water,1,0,0,0,37.72215034,-122.42056088,rec,POINT (-122.42056088 37.72215034),9,McLaren Park,2023-03-08,2023-03-08T15:29:00Z,19,7,73,9,2
Betty Ann Ong Chinese Rec Center,5717379400426049330,drinking_water,1,0,0,0,37.79436892,-122.41183784,rec,POINT (-122.41183784 37.79436892),3,Nob Hill,2023-03-08,2023-03-08T15:29:00Z,21,155,16,6,3
DuPont Tennis Courts,3112532211757124214,drinking_water,1,0,0,0,37.78285733,-122.49082809,rec,POINT (-122.49082809 37.78285733),1,Outer Richmond,2023-03-08,2023-03-08T15:29:00Z,29,207,8,8,4
Louis Sutter Playground,4867375068631417873,drinking_water,1,0,0,0,37.72219833,-122.41307066,rec,POINT (-122.41307066 37.72219833),9,McLaren Park,2023-03-08,2023-03-08T15:29:00Z,19,10,73,2,2
Portsmouth Square,6740425421970699303,restroom,0,0,0,0,37.79460171,-122.40561932,rec,POINT (-122.40561932 37.79460171),3,Chinatown,2023-03-08,2023-03-08T15:29:00Z,6,127,104,6,3
Crocker Amazon Playground,2435568120723313055,drinking_water,1,0,0,0,37.71271765,-122.42730605,rec,POINT (-122.42730605 37.71271765),11,Excelsior,2023-03-08,2023-03-08T15:29:00Z,7,158,58,9,1
Golden Gate Park - Section 6,8799521284584025481,drinking_water,1,0,0,0,37.76799311,-122.50820018,rec,POINT (-122.50820018 37.76799311),4,Golden Gate Park,2023-03-08,2023-03-08T15:29:00Z,12,234,9,8,4
Moscone Rec Center,6411078000601779573,drinking_water,1,0,0,0,37.80159155,-122.43344255,rec,POINT (-122.43344255 37.80159155),2,Marina,2023-03-08,2023-03-08T15:29:00Z,13,135,17,4,6
Michelangelo Playground,7384056565533913918,restroom,0,0,0,0,37.80126938,-122.41678095,rec,POINT (-122.41678095 37.80126938),3,Russian Hill,2023-03-08,2023-03-08T15:29:00Z,32,137,107,6,6
Aptos Playground,586090372451393635,restroom,0,0,0,0,37.72850527,-122.46602207,rec,POINT (-122.46602207 37.72850527),7,West of Twin Peaks,2023-03-08,2023-03-08T15:29:00Z,41,70,63,10,8
Franklin Square,2010608135841249019,drinking_water,1,0,0,0,37.76480217,-122.40909107,rec,POINT (-122.40909107 37.76480217),9,Mission,2023-03-08,2023-03-08T15:29:00Z,20,164,53,3,9
Port of San Francisco,2480114164880190808,drinking_water,1,1,0,0,37.79689,-122.39505,port,POINT (-122.39505 37.79689),3,Financial District/South Beach,2023-03-08,2023-03-08T15:29:00Z,8,,77,6,3
Walter Haas Playground,101756605658720829,drinking_water,1,0,0,0,37.74063506,-122.43527108,rec,POINT (-122.43527108 37.74063506),8,Glen Park,2023-03-08,2023-03-08T15:29:00Z,10,96,59,9,5
Youngblood Colman Park,8953154863104910777,drinking_water,0,1,1,0,37.739575,-122.385795,puc,POINT (-122.385795 37.739575),10,Bayview Hunters Point,2023-03-08,2023-03-08T15:29:00Z,1,,86,2,9
Grove and Larkin streets (JCDecaux),5957884174782926439,restroom,0,0,0,0,37.7787317,-122.4169278,pit_stop,POINT (-122.4169278 37.7787317),5,Tenderloin,2023-03-08,2023-03-08T15:29:00Z,36,,21,4,10
Parkside Square,4331392490837902930,drinking_water,1,0,0,0,37.73777565,-122.48448155,rec,POINT (-122.48448155 37.73777565),4,Sunset/Parkside,2023-03-08,2023-03-08T15:29:00Z,35,217,40,10,7
Margaret S.Hayward Playground,6183247756522780021,drinking_water,1,0,0,0,37.78068954,-122.42683317,rec,POINT (-122.42683317 37.78068954),5,Western Addition,2023-03-08,2023-03-08T15:29:00Z,39,140,100,4,11
2111 Jennings St,712330230264580134,restroom,0,0,0,0,37.7268119,-122.3885411,pit_stop,POINT (-122.3885411 37.7268119),10,Bayview Hunters Point,2023-03-08,2023-03-08T15:29:00Z,1,,86,2,9
Minnie and Lovie Rec Center,6941931346616109343,drinking_water,1,0,0,0,37.71508578,-122.45889409,rec,POINT (-122.45889409 37.71508578),11,Oceanview/Merced/Ingleside,2023-03-08,2023-03-08T15:29:00Z,24,89,81,10,1
Washington Square,5386547074523041759,drinking_water,1,0,0,0,37.80102516,-122.41061653,rec,POINT (-122.41061653 37.80102516),3,North Beach,2023-03-08,2023-03-08T15:29:00Z,23,94,106,6,3
Balboa Park,5104072779848174871,restroom,0,0,0,0,37.72518276,-122.44423221,rec,POINT (-122.44423221 37.72518276),11,Outer Mission,2023-03-08,2023-03-08T15:29:00Z,28,76,94,9,1
Golden Gate Park - Section 4,6170016268480192283,restroom,0,0,0,0,37.77151692,-122.47201254,rec,POINT (-122.47201254 37.77151692),1,Golden Gate Park,2023-03-08,2023-03-08T15:29:00Z,12,232,9,8,4
Corona Heights Park,4514408095122533218,drinking_water,1,0,0,0,37.76530418,-122.44027951,rec,POINT (-122.44027951 37.76530418),8,Castro/Upper Market,2023-03-08,2023-03-08T15:29:00Z,5,202,113,7,5
P24 park at Illinois and Terry Franciois Blvd,1870571608196722104,drinking_water,1,1,0,1,37.76515,-122.38791,port,POINT (-122.38791 37.76515),6,Mission Bay,2023-03-08,2023-03-08T15:29:00Z,4,,34,1,10
St. Mary's Square,2773694353532228764,drinking_water,1,0,0,0,37.79172029,-122.40514974,rec,POINT (-122.40514974 37.79172029),3,Financial District/South Beach,2023-03-08,2023-03-08T15:29:00Z,8,108,104,6,3
Golden Gate Park - Section 6,8799521284584025481,drinking_water,1,0,0,0,37.77082294,-122.50298666,rec,POINT (-122.50298666 37.77082294),1,Golden Gate Park,2023-03-08,2023-03-08T15:29:00Z,12,234,9,8,4
Parkside Square,4331392490837902930,restroom,0,0,0,0,37.73833267,-122.48370963,rec,POINT (-122.48370963 37.73833267),4,Sunset/Parkside,2023-03-08,2023-03-08T15:29:00Z,35,217,40,10,7
Minnie and Lovie Rec Center,6941931346616109343,drinking_water,1,0,0,0,37.71604018,-122.45731415,rec,POINT (-122.45731415 37.71604018),11,Oceanview/Merced/Ingleside,2023-03-08,2023-03-08T15:29:00Z,24,89,81,10,1
John McLaren Park,4276690586920497721,drinking_water,1,0,0,0,37.72324984,-122.42085242,rec,POINT (-122.42085242 37.72324984),11,McLaren Park,2023-03-08,2023-03-08T15:29:00Z,19,7,73,9,2
Arriba Juntos,6602640275624901656,drinking_water,0,1,1,0,37.76735,-122.420036,puc,POINT (-122.420036 37.76735),9,Mission,2023-03-08,2023-03-08T15:29:00Z,20,,53,3,2
Victoria Manalo Draves Park,5912888443900411393,drinking_water,1,0,0,0,37.7770926,-122.40612872,rec,POINT (-122.40612872 37.7770926),6,South of Market,2023-03-08,2023-03-08T15:29:00Z,34,98,32,1,10
St. Anthony’s,7445615193348602078,drinking_water,0,1,1,0,37.78205,-122.413147,puc,POINT (-122.413147 37.78205),5,Tenderloin,2023-03-08,2023-03-08T15:29:00Z,36,,20,5,10
John McLaren Park,4276690586920497721,drinking_water,1,0,0,0,37.72214169,-122.42055598,rec,POINT (-122.42055598 37.72214169),9,McLaren Park,2023-03-08,2023-03-08T15:29:00Z,19,7,73,9,2
Crocker Amazon Playground,2435568120723313055,drinking_water,1,0,0,0,37.71439574,-122.42884926,rec,POINT (-122.42884926 37.71439574),11,Excelsior,2023-03-08,2023-03-08T15:29:00Z,7,158,58,9,1
John McLaren Park,4276690586920497721,drinking_water,1,0,0,0,37.72368487,-122.42307588,rec,POINT (-122.42307588 37.72368487),11,McLaren Park,2023-03-08,2023-03-08T15:29:00Z,19,7,73,9,2
Alamo Square,6959569036012888541,drinking_water,1,0,0,0,37.77569882,-122.43462602,rec,POINT (-122.43462602 37.77569882),5,Hayes Valley,2023-03-08,2023-03-08T15:29:00Z,9,67,23,4,11
Sigmund Stern Recreation Grove,1885840382059993738,restroom,0,0,0,0,37.73619608,-122.47820985,rec,POINT (-122.47820985 37.73619608),4,Sunset/Parkside,2023-03-08,2023-03-08T15:29:00Z,35,112,40,10,7
Golden Gate Park - Section 1,6809243918520221532,restroom,0,0,0,0,37.77208723,-122.44757782,rec,POINT (-122.44757782 37.77208723),5,Golden Gate Park,2023-03-08,2023-03-08T15:29:00Z,12,229,24,7,11
Richmond Playground,446230744853619963,drinking_water,1,0,0,0,37.78520683,-122.47788731,rec,POINT (-122.47788731 37.78520683),1,Outer Richmond,2023-03-08,2023-03-08T15:29:00Z,29,122,2,8,4
SFGH Building 80/90 COVID 19 Pit Stop,60686349377577210,restroom,0,0,0,0,37.7571167,-122.4056906,pit_stop,POINT (-122.4056906 37.7571167),10,Mission,2023-03-08,2023-03-08T15:29:00Z,20,,54,3,9
Golden Gate Park - Section 5,6218325272602983271,restroom,0,0,0,0,37.76941755,-122.49308732,rec,POINT (-122.49308732 37.76941755),4,Golden Gate Park,2023-03-08,2023-03-08T15:29:00Z,12,233,9,8,4
Buena Vista Park,6833640830573489820,drinking_water,1,0,0,0,37.76984824,-122.43959333,rec,POINT (-122.43959333 37.76984824),8,Haight Ashbury,2023-03-08,2023-03-08T15:29:00Z,3,152,112,7,5
In Chan Kaajal Park,4881579226480589252,drinking_water,1,0,0,0,37.76379213,-122.41554275,rec,POINT (-122.41554275 37.76379213),9,Mission,2023-03-08,2023-03-08T15:29:00Z,20,203,53,3,2
Lincoln Park,8110471399965727685,restroom,0,0,0,0,37.78421701,-122.50181069,rec,POINT (-122.50181069 37.78421701),1,Lincoln Park,2023-03-08,2023-03-08T15:29:00Z,17,52,7,8,4
Noe Valley Courts,7029988507837525942,drinking_water,1,0,0,0,37.75144847,-122.4389324,rec,POINT (-122.4389324 37.75144847),8,Noe Valley,2023-03-08,2023-03-08T15:29:00Z,22,132,51,3,5
Sunset Rec Center,3142068490630731138,drinking_water,1,0,0,0,37.75712192,-122.48690258,rec,POINT (-122.48690258 37.75712192),4,Sunset/Parkside,2023-03-08,2023-03-08T15:29:00Z,35,105,39,10,7
Duboce Park,8886716724462518672,drinking_water,1,0,0,0,37.76940112,-122.43355645,rec,POINT (-122.43355645 37.76940112),8,Haight Ashbury,2023-03-08,2023-03-08T15:29:00Z,3,159,28,7,5
Yacht Harbor and Marina Green,7761910724686902864,drinking_water,1,0,0,0,37.80657577,-122.44257255,rec,POINT (-122.44257255 37.80657577),,Marina,2023-03-08,2023-03-08T15:29:00Z,,90,17,4,6
Golden Gate Park - Section 5,6218325272602983271,restroom,0,0,0,0,37.76678518,-122.49278037,rec,POINT (-122.49278037 37.76678518),4,Golden Gate Park,2023-03-08,2023-03-08T15:29:00Z,12,233,9,8,4
Botanical Garden,7091057323785970611,drinking_water,1,1,0,0,37.766308,-122.466602,puc,POINT (-122.466602 37.766308),7,Golden Gate Park,2023-03-08,2023-03-08T15:29:00Z,12,231,9,8,11
Mission Dolores Park,4639117197814467839,drinking_water,1,0,0,0,37.75945104,-122.42709052,rec,POINT (-122.42709052 37.75945104),8,Castro/Upper Market,2023-03-08,2023-03-08T15:29:00Z,5,213,37,3,5
Bayview K.C. Jones Playground,1409888496563303904,restroom,0,0,0,0,37.72555732,-122.39302008,rec,POINT (-122.39302008 37.72555732),10,Bayview Hunters Point,2023-03-08,2023-03-08T15:29:00Z,1,77,86,2,9
John McLaren Park,4276690586920497721,restroom,0,0,0,0,37.72294741,-122.41854819,rec,POINT (-122.41854819 37.72294741),11,McLaren Park,2023-03-08,2023-03-08T15:29:00Z,19,7,73,9,2
Betty Ann Ong Chinese Rec Center,5717379400426049330,drinking_water,1,0,0,0,37.7942858,-122.41168109,rec,POINT (-122.41168109 37.7942858),3,Nob Hill,2023-03-08,2023-03-08T15:29:00Z,21,155,16,6,3
Golden Gate Park - Section 7,7708155196457707211,restroom,0,0,0,0,37.76822547,-122.46213251,rec,POINT (-122.46213251 37.76822547),7,Golden Gate Park,2023-03-08,2023-03-08T15:29:00Z,12,228,9,8,11
Cayuga Playground,6671572050578083174,drinking_water,1,0,0,0,37.71432205,-122.44985676,rec,POINT (-122.44985676 37.71432205),11,Outer Mission,2023-03-08,2023-03-08T15:29:00Z,28,205,66,9,1
Turk and Hyde streets,7055883164680721864,restroom,0,0,0,0,37.7825365,-122.4157402,pit_stop,POINT (-122.4157402 37.7825365),5,Tenderloin,2023-03-08,2023-03-08T15:29:00Z,36,,20,5,10
Portsmouth Square,6740425421970699303,drinking_water,1,0,0,0,37.79460417,-122.4055647,rec,POINT (-122.4055647 37.79460417),3,Chinatown,2023-03-08,2023-03-08T15:29:00Z,6,127,104,6,3
Golden Gate Park - Section 6,8799521284584025481,drinking_water,1,0,0,0,37.7679226,-122.50183443,rec,POINT (-122.50183443 37.7679226),1,Golden Gate Park,2023-03-08,2023-03-08T15:29:00Z,12,234,9,8,4
Washington Square at Union St. (JCDecaux),1188837193886178893,restroom,0,0,0,0,37.8004679,-122.4097323,pit_stop,POINT (-122.4097323 37.8004679),3,North Beach,2023-03-08,2023-03-08T15:29:00Z,23,94,106,6,3
Holly Park,8335222720363753276,drinking_water,1,0,0,0,37.73711021,-122.42054762,rec,POINT (-122.42054762 37.73711021),9,Bernal Heights,2023-03-08,2023-03-08T15:29:00Z,2,47,61,9,2
Lafayette Park,93632238906721509,restroom,0,0,0,0,37.79170664,-122.4281209,rec,POINT (-122.4281209 37.79170664),2,Pacific Heights,2023-03-08,2023-03-08T15:29:00Z,30,212,102,4,6
Mission Playground,4376923903940484698,drinking_water,1,0,0,0,37.75943802,-122.42239536,rec,POINT (-122.42239536 37.75943802),9,Mission,2023-03-08,2023-03-08T15:29:00Z,20,214,37,3,5
Eddy St. and Larkin St.   Tenderloin Pit Stop Daily,3456542317931018260,restroom,0,0,0,0,37.783353,-122.41769,pit_stop,POINT (-122.41769 37.783353),5,Tenderloin,2023-03-08,2023-03-08T15:29:00Z,36,,20,5,10
Washington & Hyde Mini Park,6118209949725913034,drinking_water,1,0,0,0,37.79402744,-122.41741747,rec,POINT (-122.41741747 37.79402744),3,Russian Hill,2023-03-08,2023-03-08T15:29:00Z,32,95,16,6,3
885 Potrero Ave.,609393030088581305,restroom,0,0,0,0,37.7584902,-122.4067787,pit_stop,POINT (-122.4067787 37.7584902),10,Mission,2023-03-08,2023-03-08T15:29:00Z,20,,54,3,9
Coleridge Mini Park,7714353101840966458,drinking_water,1,0,0,0,37.74427895,-122.41948145,rec,POINT (-122.41948145 37.74427895),9,Bernal Heights,2023-03-08,2023-03-08T15:29:00Z,2,156,83,9,2
Golden Gate Park - Section 1,6809243918520221532,drinking_water,1,0,0,0,37.76632871,-122.45490832,rec,POINT (-122.45490832 37.76632871),5,Golden Gate Park,2023-03-08,2023-03-08T15:29:00Z,12,229,9,7,11
DuPont Tennis Courts,3112532211757124214,restroom,0,0,0,0,37.78287907,-122.49084001,rec,POINT (-122.49084001 37.78287907),1,Outer Richmond,2023-03-08,2023-03-08T15:29:00Z,29,207,8,8,4
Golden Gate Park - Section 6,8799521284584025481,restroom,0,0,0,0,37.76726034,-122.50795587,rec,POINT (-122.50795587 37.76726034),4,Golden Gate Park,2023-03-08,2023-03-08T15:29:00Z,12,234,9,8,4
J.P. Murphy Playground,5770721695184792140,drinking_water,1,0,0,0,37.75208919,-122.46504439,rec,POINT (-122.46504439 37.75208919),7,Inner Sunset,2023-03-08,2023-03-08T15:29:00Z,14,178,45,10,8
Lake Merced Park,3772981690646760232,drinking_water,1,0,0,0,37.72593889,-122.49983697,rec,POINT (-122.49983697 37.72593889),7,Lakeshore,2023-03-08,2023-03-08T15:29:00Z,16,2,43,10,8
16th and Mission streets (JCDecaux),7221677675869011765,restroom,0,0,0,0,37.7649465,-122.4200173,pit_stop,POINT (-122.4200173 37.7649465),9,Mission,2023-03-08,2023-03-08T15:29:00Z,20,,53,3,2
Alamo Square,6959569036012888541,restroom,0,0,0,0,37.7760676,-122.43430947,rec,POINT (-122.43430947 37.7760676),5,Hayes Valley,2023-03-08,2023-03-08T15:29:00Z,9,67,23,4,11
Alta Plaza Park,2241215992070893956,drinking_water,1,0,0,0,37.79123499,-122.43818413,rec,POINT (-122.43818413 37.79123499),2,Pacific Heights,2023-03-08,2023-03-08T15:29:00Z,30,149,102,4,6
Golden Gate Park - Section 6,8799521284584025481,drinking_water,1,0,0,0,37.76471074,-122.50481421,rec,POINT (-122.50481421 37.76471074),4,Golden Gate Park,2023-03-08,2023-03-08T15:29:00Z,12,234,9,8,4
Golden Gate Park - Section 4,6170016268480192283,restroom,0,0,0,0,37.77097466,-122.47686404,rec,POINT (-122.47686404 37.77097466),7,Golden Gate Park,2023-03-08,2023-03-08T15:29:00Z,12,232,9,8,4
Kid Power Park,7341627948818218065,drinking_water,1,0,0,0,37.76416258,-122.42023207,rec,POINT (-122.42023207 37.76416258),9,Mission,2023-03-08,2023-03-08T15:29:00Z,20,185,53,3,2
Mission Dolores Park,4639117197814467839,restroom,0,0,0,0,37.75855884,-122.42640751,rec,POINT (-122.42640751 37.75855884),8,Castro/Upper Market,2023-03-08,2023-03-08T15:29:00Z,5,213,37,3,5
Midtown Terrace Playground,333313217401931593,drinking_water,1,0,0,0,37.7516673,-122.45582057,rec,POINT (-122.45582057 37.7516673),7,Twin Peaks,2023-03-08,2023-03-08T15:29:00Z,38,61,48,7,8
Betty Ann Ong Chinese Rec Center,5717379400426049330,drinking_water,1,0,0,0,37.7942862,-122.41168095,rec,POINT (-122.41168095 37.7942862),3,Nob Hill,2023-03-08,2023-03-08T15:29:00Z,21,155,16,6,3
Golden Gate Park,5221741286129844184,restroom,0,0,0,0,37.77044092,-122.46943285,rec,POINT (-122.46943285 37.77044092),7,Golden Gate Park,2023-03-08,2023-03-08T15:29:00Z,12,235,9,8,4
Golden Gate Park - Section 1,6809243918520221532,restroom,0,0,0,0,37.7737476,-122.45598221,rec,POINT (-122.45598221 37.7737476),1,Golden Gate Park,2023-03-08,2023-03-08T15:29:00Z,12,229,9,7,4
Yacht Harbor and Marina Green,7761910724686902864,restroom,0,0,0,0,37.80566642,-122.44826981,rec,POINT (-122.44826981 37.80566642),2,Marina,2023-03-08,2023-03-08T15:29:00Z,13,90,17,4,6
West Sunset Playground,7394643088409434148,drinking_water,1,0,0,0,37.75041827,-122.49810499,rec,POINT (-122.49810499 37.75041827),4,Sunset/Parkside,2023-03-08,2023-03-08T15:29:00Z,35,93,39,10,7
Precita Park,3039714577729476961,drinking_water,1,0,0,0,37.74685541,-122.41324323,rec,POINT (-122.41324323 37.74685541),9,Bernal Heights,2023-03-08,2023-03-08T15:29:00Z,2,6,83,9,2
Mendell Plaza,1583894823483341905,drinking_water,0,1,1,0,37.734648,-122.390524,puc,POINT (-122.390524 37.734648),10,Bayview Hunters Point,2023-03-08,2023-03-08T15:29:00Z,1,,86,2,9
McCoppin Square,1509436752478679569,restroom,0,0,0,0,37.74352757,-122.4809021,rec,POINT (-122.4809021 37.74352757),4,Sunset/Parkside,2023-03-08,2023-03-08T15:29:00Z,35,139,40,10,7
Moscone Rec Center,6411078000601779573,drinking_water,1,0,0,0,37.80148695,-122.43322679,rec,POINT (-122.43322679 37.80148695),2,Marina,2023-03-08,2023-03-08T15:29:00Z,13,135,17,4,6
SFGH Building 25 Covid 19 Pit Stop,5196614314585233279,restroom,0,0,0,0,37.7551445,-122.405358,pit_stop,POINT (-122.405358 37.7551445),10,Mission,2023-03-08,2023-03-08T15:29:00Z,20,,54,3,9
Lafayette Park,93632238906721509,drinking_water,1,0,0,0,37.79159123,-122.42816475,rec,POINT (-122.42816475 37.79159123),2,Pacific Heights,2023-03-08,2023-03-08T15:29:00Z,30,212,102,4,6
Julian Avenue & 15th Street,4109869391381659677,restroom,0,0,0,0,37.7665961,-122.4210799,pit_stop,POINT (-122.4210799 37.7665961),9,Mission,2023-03-08,2023-03-08T15:29:00Z,20,,53,3,2
Gilman Playground,4279471113896791598,restroom,0,0,0,0,37.71717854,-122.38877266,rec,POINT (-122.38877266 37.71717854),10,Bayview Hunters Point,2023-03-08,2023-03-08T15:29:00Z,1,169,88,2,9
Lake Merced Park,3772981690646760232,drinking_water,1,0,0,0,37.71236352,-122.4892926,rec,POINT (-122.4892926 37.71236352),7,Lakeshore,2023-03-08,2023-03-08T15:29:00Z,16,2,43,10,8
Bayview Gateway Park,6601007062272325826,drinking_water,1,1,0,0,37.74671,-122.38634,port,POINT (-122.38634 37.74671),10,Bayview Hunters Point,2023-03-08,2023-03-08T15:29:00Z,1,,56,2,9
Golden Gate Park - Section 6,8799521284584025481,drinking_water,1,0,0,0,37.76571257,-122.50068772,rec,POINT (-122.50068772 37.76571257),4,Golden Gate Park,2023-03-08,2023-03-08T15:29:00Z,12,234,9,8,4
Golden Gate Park - Section 4,6170016268480192283,drinking_water,1,0,0,0,37.77055198,-122.48012797,rec,POINT (-122.48012797 37.77055198),1,Golden Gate Park,2023-03-08,2023-03-08T15:29:00Z,12,232,9,8,4
Collis P. Huntington Park,6935885594250252375,drinking_water,1,0,0,0,37.79207322,-122.41236906,rec,POINT (-122.41236906 37.79207322),3,Nob Hill,2023-03-08,2023-03-08T15:29:00Z,21,83,16,6,3
Golden Gate Park - Section 6,8799521284584025481,restroom,0,0,0,0,37.76447883,-122.50494432,rec,POINT (-122.50494432 37.76447883),4,Golden Gate Park,2023-03-08,2023-03-08T15:29:00Z,12,234,9,8,4
Angelo J. Rossi Playground,2207155170251026602,drinking_water,1,0,0,0,37.77799189,-122.45768122,rec,POINT (-122.45768122 37.77799189),1,Lone Mountain/USF,2023-03-08,2023-03-08T15:29:00Z,18,204,12,8,4
Union Square,1862328560630035398,drinking_water,1,0,0,0,37.78787423,-122.40696416,rec,POINT (-122.40696416 37.78787423),3,Financial District/South Beach,2023-03-08,2023-03-08T15:29:00Z,8,5,19,6,3
Lower Great Highway,2779846454828783660,restroom,0,0,0,0,37.74137308,-122.50704387,rec,POINT (-122.50704387 37.74137308),4,Sunset/Parkside,2023-03-08,2023-03-08T15:29:00Z,35,20,39,10,7
19th & Alabama,2447204787546099701,drinking_water,0,1,1,0,37.760315,-122.412135,puc,POINT (-122.412135 37.760315),9,Mission,2023-03-08,2023-03-08T15:29:00Z,20,,53,3,2
Moscone Rec Center,6411078000601779573,restroom,0,0,0,0,37.80219698,-122.43461481,rec,POINT (-122.43461481 37.80219698),2,Marina,2023-03-08,2023-03-08T15:29:00Z,13,135,17,4,6
Margaret S.Hayward Playground,6183247756522780021,drinking_water,1,0,0,0,37.78125838,-122.4251805,rec,POINT (-122.4251805 37.78125838),5,Western Addition,2023-03-08,2023-03-08T15:29:00Z,39,140,100,4,11
Yacht Harbor and Marina Green,7761910724686902864,restroom,0,0,0,0,37.80670676,-122.44215859,rec,POINT (-122.44215859 37.80670676),2,Marina,2023-03-08,2023-03-08T15:29:00Z,13,90,17,4,6
Palega Playground,554641599873380642,drinking_water,1,0,0,0,37.7290478,-122.41022876,rec,POINT (-122.41022876 37.7290478),9,Portola,2023-03-08,2023-03-08T15:29:00Z,25,130,91,2,2
Alioto Mini Park,410195810252731064,drinking_water,1,0,0,0,37.75898886,-122.41821739,rec,POINT (-122.41821739 37.75898886),9,Mission,2023-03-08,2023-03-08T15:29:00Z,20,147,53,3,2
344 14th St.,2093142863690023456,restroom,0,0,0,0,37.7682576,-122.4210014,pit_stop,POINT (-122.4210014 37.7682576),9,Mission,2023-03-08,2023-03-08T15:29:00Z,20,,53,3,2
Youngblood-Coleman Playground,3768334776058442288,drinking_water,1,0,0,0,37.73918099,-122.38561322,rec,POINT (-122.38561322 37.73918099),10,Bayview Hunters Point,2023-03-08,2023-03-08T15:29:00Z,1,224,86,2,9
TNDC: Candlestick Block A,8119082390481302510,drinking_water,0,1,1,0,37.719071,-122.393147,puc,POINT (-122.393147 37.719071),10,Bayview Hunters Point,2023-03-08,2023-03-08T15:29:00Z,1,,88,2,9
Golden Gate Park - Section 1,6809243918520221532,drinking_water,1,0,0,0,37.76698984,-122.45331526,rec,POINT (-122.45331526 37.76698984),5,Golden Gate Park,2023-03-08,2023-03-08T15:29:00Z,12,229,9,7,11
Jose Coronado Playground,8490608740193645389,drinking_water,1,0,0,0,37.75767194,-122.4150853,rec,POINT (-122.4150853 37.75767194),9,Mission,2023-03-08,2023-03-08T15:29:00Z,20,181,53,3,2
Mountain Lake Park,4251616439565783958,drinking_water,1,0,0,0,37.7874885,-122.46840518,rec,POINT (-122.46840518 37.7874885),1,Inner Richmond,2023-03-08,2023-03-08T15:29:00Z,11,134,4,,6
Alamo Square,6959569036012888541,drinking_water,1,0,0,0,37.77636848,-122.43369437,rec,POINT (-122.43369437 37.77636848),5,Hayes Valley,2023-03-08,2023-03-08T15:29:00Z,9,67,23,4,11
Shoreview Park,3758888913228979167,drinking_water,1,0,0,0,37.73177418,-122.38124461,rec,POINT (-122.38124461 37.73177418),10,Bayview Hunters Point,2023-03-08,2023-03-08T15:29:00Z,1,201,86,2,9
Pier 27 Beltline Building,7267887821631352683,out_of_service,1,0,0,0,,,port,,,,2023-03-08,2023-03-08T15:29:00Z,,,,,
Father Alfred E. Boeddeker Park,8063825715053078081,drinking_water,1,0,0,0,37.78432803,-122.41219514,rec,POINT (-122.41219514 37.78432803),5,Tenderloin,2023-03-08,2023-03-08T15:29:00Z,36,162,20,5,10
Golden Gate Park - Section 5,6218325272602983271,drinking_water,1,0,0,0,37.77022742,-122.49550509,rec,POINT (-122.49550509 37.77022742),1,Golden Gate Park,2023-03-08,2023-03-08T15:29:00Z,12,233,9,8,4
SF SPCA,6928189952947179522,drinking_water,0,1,1,0,37.765617,-122.412366,puc,POINT (-122.412366 37.765617),9,Mission,2023-03-08,2023-03-08T15:29:00Z,20,,53,3,2
Sunnyside Playground,8135329547080825432,restroom,0,0,0,0,37.73389387,-122.44826465,rec,POINT (-122.44826465 37.73389387),7,West of Twin Peaks,2023-03-08,2023-03-08T15:29:00Z,41,222,95,9,8
200 Leavenworth St,5385327011882538150,restroom,0,0,0,0,37.783043,-122.4140649,pit_stop,POINT (-122.4140649 37.783043),5,Tenderloin,2023-03-08,2023-03-08T15:29:00Z,36,,20,5,10
Palega Playground,554641599873380642,drinking_water,1,0,0,0,37.72890204,-122.40967397,rec,POINT (-122.40967397 37.72890204),9,Portola,2023-03-08,2023-03-08T15:29:00Z,25,130,91,2,2
Mission Dolores Park,4639117197814467839,drinking_water,1,0,0,0,37.75946665,-122.42709257,rec,POINT (-122.42709257 37.75946665),8,Castro/Upper Market,2023-03-08,2023-03-08T15:29:00Z,5,213,37,3,5
Golden Gate Park - Section 3,4964708923013958658,restroom,0,0,0,0,37.76680021,-122.46834526,rec,POINT (-122.46834526 37.76680021),7,Golden Gate Park,2023-03-08,2023-03-08T15:29:00Z,12,231,9,8,11
Miraloma Playground,3434447048369702477,drinking_water,1,0,0,0,37.73909955,-122.44948027,rec,POINT (-122.44948027 37.73909955),7,West of Twin Peaks,2023-03-08,2023-03-08T15:29:00Z,41,136,72,9,8
Booker T Washington Community Center,3961536016987241368,drinking_water,0,1,0,0,37.78413,-122.446083,puc,POINT (-122.446083 37.78413),5,Presidio Heights,2023-03-08,2023-03-08T15:29:00Z,31,,103,8,11
McKinley Square,4834900561554929022,drinking_water,1,0,0,0,37.75910373,-122.40446258,rec,POINT (-122.40446258 37.75910373),10,Potrero Hill,2023-03-08,2023-03-08T15:29:00Z,26,60,54,2,9
George Christopher Playground,5896147016579609940,drinking_water,1,0,0,0,37.74424426,-122.44034754,rec,POINT (-122.44034754 37.74424426),8,Glen Park,2023-03-08,2023-03-08T15:29:00Z,10,168,57,9,5
Argonne Playground,3730480648958535714,drinking_water,1,0,0,0,37.77957573,-122.47775862,rec,POINT (-122.47775862 37.77957573),1,Outer Richmond,2023-03-08,2023-03-08T15:29:00Z,29,71,5,8,4
Yacht Harbor and Marina Green,7761910724686902864,restroom,0,0,0,0,37.80646105,-122.4345325,rec,POINT (-122.4345325 37.80646105),2,Marina,2023-03-08,2023-03-08T15:29:00Z,13,90,17,4,6
J.P. Murphy Playground,5770721695184792140,drinking_water,1,0,0,0,37.75154041,-122.46517657,rec,POINT (-122.46517657 37.75154041),7,Inner Sunset,2023-03-08,2023-03-08T15:29:00Z,14,178,45,10,8
Embarcadero Plaza (JCDecaux),1855925590564081494,restroom,0,0,0,0,37.7946278,-122.394598,pit_stop,POINT (-122.394598 37.7946278),3,Financial District/South Beach,2023-03-08,2023-03-08T15:29:00Z,8,58,108,6,3
Angelo J. Rossi Playground,2207155170251026602,restroom,0,0,0,0,37.77798344,-122.45765905,rec,POINT (-122.45765905 37.77798344),1,Lone Mountain/USF,2023-03-08,2023-03-08T15:29:00Z,18,204,12,8,4
Golden Gate Park - Section 5,6218325272602983271,drinking_water,1,0,0,0,37.77162903,-122.49512297,rec,POINT (-122.49512297 37.77162903),1,Golden Gate Park,2023-03-08,2023-03-08T15:29:00Z,12,233,9,8,4
24th & Mission,2599759550272697651,drinking_water,0,1,1,0,37.752333,-122.418141,puc,POINT (-122.418141 37.752333),9,Mission,2023-03-08,2023-03-08T15:29:00Z,20,,53,3,2
Margaret S.Hayward Playground,6183247756522780021,drinking_water,1,0,0,0,37.78078047,-122.42680235,rec,POINT (-122.42680235 37.78078047),5,Western Addition,2023-03-08,2023-03-08T15:29:00Z,39,140,100,4,11
Palace of Fine Arts,6271010963659229503,drinking_water,1,0,0,0,37.80168236,-122.44789925,rec,POINT (-122.44789925 37.80168236),2,Marina,2023-03-08,2023-03-08T15:29:00Z,13,21,17,4,6
Parque Ninos Unidos,1084870256219315580,drinking_water,1,0,0,0,37.75438525,-122.41380597,rec,POINT (-122.41380597 37.75438525),9,Mission,2023-03-08,2023-03-08T15:29:00Z,20,129,53,3,2
Willie Woo Woo Wong Playground,3627932914298100031,drinking_water,1,0,0,0,37.79361887,-122.40704916,rec,POINT (-122.40704916 37.79361887),3,Chinatown,2023-03-08,2023-03-08T15:29:00Z,6,92,104,6,3
Margaret S.Hayward Playground,6183247756522780021,drinking_water,1,0,0,0,37.78071968,-122.42685193,rec,POINT (-122.42685193 37.78071968),5,Western Addition,2023-03-08,2023-03-08T15:29:00Z,39,140,100,4,11
Lessing & Sears Mini Park,5345415778062975156,drinking_water,1,0,0,0,37.70862863,-122.45543913,rec,POINT (-122.45543913 37.70862863),11,Outer Mission,2023-03-08,2023-03-08T15:29:00Z,28,35,66,9,1
Alta Plaza Park,2241215992070893956,restroom,0,0,0,0,37.79124135,-122.43815491,rec,POINT (-122.43815491 37.79124135),2,Pacific Heights,2023-03-08,2023-03-08T15:29:00Z,30,149,102,4,6
Great Highway near Beach Chalet,5905501385590634738,restroom,0,0,0,0,37.7675953,-122.5107794,pit_stop,POINT (-122.5107794 37.7675953),4,Golden Gate Park,2023-03-08,2023-03-08T15:29:00Z,12,20,9,8,4
Washington Square,5386547074523041759,drinking_water,1,0,0,0,37.80051842,-122.40977497,rec,POINT (-122.40977497 37.80051842),3,North Beach,2023-03-08,2023-03-08T15:29:00Z,23,94,106,6,3
Mountain Lake Park,4251616439565783958,restroom,0,0,0,0,37.78697325,-122.47175634,rec,POINT (-122.47175634 37.78697325),1,Inner Richmond,2023-03-08,2023-03-08T15:29:00Z,11,134,4,,6
Douglass Playground,5578072315167653993,drinking_water,1,0,0,0,37.74791286,-122.43838861,rec,POINT (-122.43838861 37.74791286),8,Noe Valley,2023-03-08,2023-03-08T15:29:00Z,22,206,57,3,5
6th and Natoma streets,6802133843988071090,restroom,0,0,0,0,37.780182,-122.4077046,pit_stop,POINT (-122.4077046 37.780182),6,South of Market,2023-03-08,2023-03-08T15:29:00Z,34,,32,1,10
Cabrillo Playground,1438954292253289309,drinking_water,1,0,0,0,37.77296905,-122.49899506,rec,POINT (-122.49899506 37.77296905),1,Outer Richmond,2023-03-08,2023-03-08T15:29:00Z,29,81,8,8,4
Golden Gate Park - Section 1,6809243918520221532,drinking_water,1,0,0,0,37.76624071,-122.45577565,rec,POINT (-122.45577565 37.76624071),5,Golden Gate Park,2023-03-08,2023-03-08T15:29:00Z,12,229,9,7,11
